id,name,age,nationality,position,team_id
1,Player 1,23,Unknown,Defender,1
2,Player 2,35,Unknown,Midfielder,1
3,Player 3,28,Unknown,Defender,1
4,Player 4,28,Unknown,Midfielder,1
5,Player 5,21,Unknown,Defender,1
6,Player 6,30,Unknown,Defender,1
7,Player 7,35,Unknown,Forward,1
8,Player 8,32,Unknown,Defender,1
9,Player 9,28,Unknown,Forward,1
10,Player 10,33,Unknown,Goalkeeper,1
11,Player 11,25,Unknown,Goalkeeper,1
12,Player 12,32,Unknown,Defender,1
13,Player 13,28,Unknown,Goalkeeper,1
14,Player 14,22,Unknown,Midfielder,1
15,Player 15,30,Unknown,Forward,1
16,Player 16,28,Unknown,Goalkeeper,1
17,Player 17,26,Unknown,Defender,1
18,Player 18,28,Unknown,Defender,1
19,Player 19,35,Unknown,Forward,1
20,Player 20,33,Unknown,Goalkeeper,1
21,Player 21,22,Unknown,Defender,2
22,Player 22,33,Unknown,Forward,2
23,Player 23,34,Unknown,Defender,2
24,Player 24,18,Unknown,Forward,2
25,Player 25,25,Unknown,Goalkeeper,2
26,Player 26,22,Unknown,Goalkeeper,2
27,Player 27,22,Unknown,Defender,2
28,Player 28,32,Unknown,Goalkeeper,2
29,Player 29,33,Unknown,Goalkeeper,2
30,Player 30,25,Unknown,Midfielder,2
31,Player 31,29,Unknown,Midfielder,2
32,Player 32,31,Unknown,Defender,2
33,Player 33,19,Unknown,Goalkeeper,2
34,Player 34,24,Unknown,Forward,2
35,Player 35,18,Unknown,Forward,2
36,Player 36,29,Unknown,Goalkeeper,2
37,Player 37,18,Unknown,Midfielder,2
38,Player 38,20,Unknown,Forward,2
39,Player 39,28,Unknown,Goalkeeper,2
40,Player 40,32,Unknown,Midfielder,2
41,Player 41,33,Unknown,Defender,3
42,Player 42,26,Unknown,Defender,3
43,Player 43,20,Unknown,Midfielder,3
44,Player 44,23,Unknown,Goalkeeper,3
45,Player 45,32,Unknown,Defender,3
46,Player 46,35,Unknown,Midfielder,3
47,Player 47,29,Unknown,Forward,3
48,Player 48,27,Unknown,Defender,3
49,Player 49,30,Unknown,Midfielder,3
50,Player 50,28,Unknown,Goalkeeper,3
51,Player 51,29,Unknown,Midfielder,3
52,Player 52,24,Unknown,Forward,3
53,Player 53,28,Unknown,Midfielder,3
54,Player 54,21,Unknown,Forward,3
55,Player 55,33,Unknown,Forward,3
56,Player 56,25,Unknown,Goalkeeper,3
57,Player 57,18,Unknown,Defender,3
58,Player 58,20,Unknown,Goalkeeper,3
59,Player 59,32,Unknown,Forward,3
60,Player 60,31,Unknown,Midfielder,3
61,Player 61,31,Unknown,Forward,4
62,Player 62,24,Unknown,Forward,4
63,Player 63,19,Unknown,Forward,4
64,Player 64,19,Unknown,Goalkeeper,4
65,Player 65,26,Unknown,Forward,4
66,Player 66,18,Unknown,Defender,4
67,Player 67,23,Unknown,Goalkeeper,4
68,Player 68,25,Unknown,Defender,4
69,Player 69,28,Unknown,Defender,4
70,Player 70,29,Unknown,Defender,4
71,Player 71,35,Unknown,Goalkeeper,4
72,Player 72,29,Unknown,Defender,4
73,Player 73,27,Unknown,Goalkeeper,4
74,Player 74,28,Unknown,Defender,4
75,Player 75,27,Unknown,Defender,4
76,Player 76,33,Unknown,Goalkeeper,4
77,Player 77,28,Unknown,Forward,4
78,Player 78,26,Unknown,Goalkeeper,4
79,Player 79,26,Unknown,Forward,4
80,Player 80,33,Unknown,Midfielder,4
81,Player 81,28,Unknown,Defender,5
82,Player 82,25,Unknown,Goalkeeper,5
83,Player 83,20,Unknown,Goalkeeper,5
84,Player 84,29,Unknown,Forward,5
85,Player 85,20,Unknown,Goalkeeper,5
86,Player 86,20,Unknown,Goalkeeper,5
87,Player 87,27,Unknown,Midfielder,5
88,Player 88,33,Unknown,Forward,5
89,Player 89,27,Unknown,Defender,5
90,Player 90,27,Unknown,Goalkeeper,5
91,Player 91,22,Unknown,Midfielder,5
92,Player 92,31,Unknown,Goalkeeper,5
93,Player 93,26,Unknown,Goalkeeper,5
94,Player 94,20,Unknown,Forward,5
95,Player 95,28,Unknown,Midfielder,5
96,Player 96,23,Unknown,Midfielder,5
97,Player 97,19,Unknown,Defender,5
98,Player 98,26,Unknown,Midfielder,5
99,Player 99,23,Unknown,Goalkeeper,5
100,Player 100,27,Unknown,Forward,5
101,Player 101,21,Unknown,Goalkeeper,6
102,Player 102,25,Unknown,Midfielder,6
103,Player 103,34,Unknown,Goalkeeper,6
104,Player 104,30,Unknown,Defender,6
105,Player 105,22,Unknown,Forward,6
106,Player 106,21,Unknown,Goalkeeper,6
107,Player 107,28,Unknown,Goalkeeper,6
108,Player 108,34,Unknown,Goalkeeper,6
109,Player 109,25,Unknown,Defender,6
110,Player 110,32,Unknown,Defender,6
111,Player 111,31,Unknown,Goalkeeper,6
112,Player 112,24,Unknown,Defender,6
113,Player 113,27,Unknown,Forward,6
114,Player 114,23,Unknown,Midfielder,6
115,Player 115,20,Unknown,Midfielder,6
116,Player 116,30,Unknown,Forward,6
117,Player 117,21,Unknown,Forward,6
118,Player 118,24,Unknown,Midfielder,6
119,Player 119,27,Unknown,Forward,6
120,Player 120,21,Unknown,Defender,6
121,Player 121,20,Unknown,Forward,7
122,Player 122,27,Unknown,Defender,7
123,Player 123,27,Unknown,Midfielder,7
124,Player 124,27,Unknown,Midfielder,7
125,Player 125,24,Unknown,Defender,7
126,Player 126,34,Unknown,Defender,7
127,Player 127,25,Unknown,Forward,7
128,Player 128,24,Unknown,Forward,7
129,Player 129,31,Unknown,Goalkeeper,7
130,Player 130,28,Unknown,Goalkeeper,7
131,Player 131,29,Unknown,Forward,7
132,Player 132,25,Unknown,Forward,7
133,Player 133,34,Unknown,Goalkeeper,7
134,Player 134,34,Unknown,Goalkeeper,7
135,Player 135,27,Unknown,Defender,7
136,Player 136,29,Unknown,Defender,7
137,Player 137,29,Unknown,Forward,7
138,Player 138,29,Unknown,Defender,7
139,Player 139,23,Unknown,Goalkeeper,7
140,Player 140,19,Unknown,Defender,7
141,Player 141,24,Unknown,Forward,8
142,Player 142,30,Unknown,Forward,8
143,Player 143,21,Unknown,Defender,8
144,Player 144,26,Unknown,Goalkeeper,8
145,Player 145,28,Unknown,Goalkeeper,8
146,Player 146,26,Unknown,Midfielder,8
147,Player 147,21,Unknown,Defender,8
148,Player 148,25,Unknown,Midfielder,8
149,Player 149,21,Unknown,Midfielder,8
150,Player 150,35,Unknown,Goalkeeper,8
151,Player 151,27,Unknown,Defender,8
152,Player 152,21,Unknown,Midfielder,8
153,Player 153,20,Unknown,Forward,8
154,Player 154,34,Unknown,Defender,8
155,Player 155,24,Unknown,Goalkeeper,8
156,Player 156,32,Unknown,Midfielder,8
157,Player 157,28,Unknown,Midfielder,8
158,Player 158,34,Unknown,Midfielder,8
159,Player 159,34,Unknown,Goalkeeper,8
160,Player 160,21,Unknown,Defender,8
161,Player 161,33,Unknown,Defender,9
162,Player 162,34,Unknown,Goalkeeper,9
163,Player 163,34,Unknown,Forward,9
164,Player 164,29,Unknown,Defender,9
165,Player 165,33,Unknown,Midfielder,9
166,Player 166,31,Unknown,Defender,9
167,Player 167,24,Unknown,Forward,9
168,Player 168,23,Unknown,Defender,9
169,Player 169,27,Unknown,Goalkeeper,9
170,Player 170,28,Unknown,Defender,9
171,Player 171,35,Unknown,Midfielder,9
172,Player 172,28,Unknown,Forward,9
173,Player 173,23,Unknown,Midfielder,9
174,Player 174,33,Unknown,Forward,9
175,Player 175,24,Unknown,Midfielder,9
176,Player 176,23,Unknown,Defender,9
177,Player 177,24,Unknown,Forward,9
178,Player 178,27,Unknown,Defender,9
179,Player 179,18,Unknown,Defender,9
180,Player 180,20,Unknown,Forward,9
181,Player 181,23,Unknown,Midfielder,10
182,Player 182,23,Unknown,Forward,10
183,Player 183,29,Unknown,Goalkeeper,10
184,Player 184,29,Unknown,Midfielder,10
185,Player 185,25,Unknown,Goalkeeper,10
186,Player 186,30,Unknown,Goalkeeper,10
187,Player 187,34,Unknown,Defender,10
188,Player 188,29,Unknown,Defender,10
189,Player 189,24,Unknown,Defender,10
190,Player 190,27,Unknown,Midfielder,10
191,Player 191,19,Unknown,Midfielder,10
192,Player 192,24,Unknown,Forward,10
193,Player 193,29,Unknown,Goalkeeper,10
194,Player 194,31,Unknown,Goalkeeper,10
195,Player 195,18,Unknown,Forward,10
196,Player 196,32,Unknown,Goalkeeper,10
197,Player 197,22,Unknown,Midfielder,10
198,Player 198,34,Unknown,Forward,10
199,Player 199,26,Unknown,Defender,10
200,Player 200,25,Unknown,Defender,10
201,Player 201,21,Unknown,Defender,11
202,Player 202,27,Unknown,Midfielder,11
203,Player 203,19,Unknown,Defender,11
204,Player 204,18,Unknown,Midfielder,11
205,Player 205,29,Unknown,Goalkeeper,11
206,Player 206,30,Unknown,Defender,11
207,Player 207,35,Unknown,Defender,11
208,Player 208,28,Unknown,Defender,11
209,Player 209,19,Unknown,Forward,11
210,Player 210,24,Unknown,Defender,11
211,Player 211,33,Unknown,Defender,11
212,Player 212,22,Unknown,Goalkeeper,11
213,Player 213,33,Unknown,Midfielder,11
214,Player 214,19,Unknown,Goalkeeper,11
215,Player 215,34,Unknown,Goalkeeper,11
216,Player 216,33,Unknown,Goalkeeper,11
217,Player 217,26,Unknown,Defender,11
218,Player 218,24,Unknown,Forward,11
219,Player 219,33,Unknown,Defender,11
220,Player 220,26,Unknown,Defender,11
221,Player 221,29,Unknown,Goalkeeper,12
222,Player 222,21,Unknown,Goalkeeper,12
223,Player 223,21,Unknown,Goalkeeper,12
224,Player 224,21,Unknown,Midfielder,12
225,Player 225,33,Unknown,Midfielder,12
226,Player 226,34,Unknown,Forward,12
227,Player 227,26,Unknown,Defender,12
228,Player 228,32,Unknown,Forward,12
229,Player 229,25,Unknown,Midfielder,12
230,Player 230,31,Unknown,Goalkeeper,12
231,Player 231,33,Unknown,Forward,12
232,Player 232,20,Unknown,Forward,12
233,Player 233,19,Unknown,Midfielder,12
234,Player 234,25,Unknown,Forward,12
235,Player 235,21,Unknown,Defender,12
236,Player 236,28,Unknown,Midfielder,12
237,Player 237,18,Unknown,Goalkeeper,12
238,Player 238,33,Unknown,Forward,12
239,Player 239,24,Unknown,Defender,12
240,Player 240,25,Unknown,Midfielder,12
241,Player 241,31,Unknown,Forward,13
242,Player 242,18,Unknown,Midfielder,13
243,Player 243,23,Unknown,Forward,13
244,Player 244,35,Unknown,Midfielder,13
245,Player 245,35,Unknown,Midfielder,13
246,Player 246,26,Unknown,Goalkeeper,13
247,Player 247,27,Unknown,Goalkeeper,13
248,Player 248,23,Unknown,Goalkeeper,13
249,Player 249,22,Unknown,Forward,13
250,Player 250,25,Unknown,Goalkeeper,13
251,Player 251,24,Unknown,Goalkeeper,13
252,Player 252,34,Unknown,Forward,13
253,Player 253,34,Unknown,Midfielder,13
254,Player 254,19,Unknown,Defender,13
255,Player 255,26,Unknown,Defender,13
256,Player 256,29,Unknown,Defender,13
257,Player 257,30,Unknown,Goalkeeper,13
258,Player 258,21,Unknown,Forward,13
259,Player 259,24,Unknown,Midfielder,13
260,Player 260,26,Unknown,Goalkeeper,13
261,Player 261,18,Unknown,Defender,14
262,Player 262,25,Unknown,Midfielder,14
263,Player 263,31,Unknown,Midfielder,14
264,Player 264,20,Unknown,Midfielder,14
265,Player 265,32,Unknown,Forward,14
266,Player 266,30,Unknown,Forward,14
267,Player 267,19,Unknown,Midfielder,14
268,Player 268,31,Unknown,Forward,14
269,Player 269,33,Unknown,Midfielder,14
270,Player 270,33,Unknown,Midfielder,14
271,Player 271,24,Unknown,Midfielder,14
272,Player 272,24,Unknown,Forward,14
273,Player 273,18,Unknown,Midfielder,14
274,Player 274,25,Unknown,Forward,14
275,Player 275,20,Unknown,Goalkeeper,14
276,Player 276,23,Unknown,Defender,14
277,Player 277,26,Unknown,Forward,14
278,Player 278,21,Unknown,Forward,14
279,Player 279,27,Unknown,Midfielder,14
280,Player 280,35,Unknown,Defender,14
281,Player 281,35,Unknown,Forward,15
282,Player 282,19,Unknown,Forward,15
283,Player 283,30,Unknown,Forward,15
284,Player 284,27,Unknown,Forward,15
285,Player 285,24,Unknown,Defender,15
286,Player 286,24,Unknown,Forward,15
287,Player 287,26,Unknown,Defender,15
288,Player 288,27,Unknown,Forward,15
289,Player 289,19,Unknown,Midfielder,15
290,Player 290,33,Unknown,Midfielder,15
291,Player 291,25,Unknown,Defender,15
292,Player 292,28,Unknown,Midfielder,15
293,Player 293,29,Unknown,Midfielder,15
294,Player 294,32,Unknown,Forward,15
295,Player 295,27,Unknown,Forward,15
296,Player 296,30,Unknown,Midfielder,15
297,Player 297,22,Unknown,Defender,15
298,Player 298,35,Unknown,Defender,15
299,Player 299,26,Unknown,Forward,15
300,Player 300,33,Unknown,Goalkeeper,15
301,Player 301,18,Unknown,Defender,16
302,Player 302,33,Unknown,Midfielder,16
303,Player 303,19,Unknown,Midfielder,16
304,Player 304,23,Unknown,Forward,16
305,Player 305,22,Unknown,Forward,16
306,Player 306,20,Unknown,Goalkeeper,16
307,Player 307,23,Unknown,Midfielder,16
308,Player 308,33,Unknown,Defender,16
309,Player 309,29,Unknown,Midfielder,16
310,Player 310,35,Unknown,Midfielder,16
311,Player 311,30,Unknown,Defender,16
312,Player 312,24,Unknown,Defender,16
313,Player 313,18,Unknown,Defender,16
314,Player 314,34,Unknown,Midfielder,16
315,Player 315,30,Unknown,Goalkeeper,16
316,Player 316,26,Unknown,Defender,16
317,Player 317,24,Unknown,Midfielder,16
318,Player 318,31,Unknown,Forward,16
319,Player 319,31,Unknown,Midfielder,16
320,Player 320,21,Unknown,Goalkeeper,16
321,Player 321,21,Unknown,Goalkeeper,17
322,Player 322,35,Unknown,Defender,17
323,Player 323,22,Unknown,Midfielder,17
324,Player 324,22,Unknown,Goalkeeper,17
325,Player 325,32,Unknown,Forward,17
326,Player 326,26,Unknown,Goalkeeper,17
327,Player 327,33,Unknown,Midfielder,17
328,Player 328,24,Unknown,Forward,17
329,Player 329,22,Unknown,Forward,17
330,Player 330,18,Unknown,Forward,17
331,Player 331,22,Unknown,Goalkeeper,17
332,Player 332,26,Unknown,Midfielder,17
333,Player 333,31,Unknown,Goalkeeper,17
334,Player 334,25,Unknown,Defender,17
335,Player 335,30,Unknown,Forward,17
336,Player 336,19,Unknown,Midfielder,17
337,Player 337,25,Unknown,Forward,17
338,Player 338,25,Unknown,Defender,17
339,Player 339,20,Unknown,Midfielder,17
340,Player 340,24,Unknown,Midfielder,17
341,Player 341,24,Unknown,Goalkeeper,18
342,Player 342,19,Unknown,Goalkeeper,18
343,Player 343,19,Unknown,Midfielder,18
344,Player 344,28,Unknown,Goalkeeper,18
345,Player 345,29,Unknown,Defender,18
346,Player 346,24,Unknown,Midfielder,18
347,Player 347,23,Unknown,Defender,18
348,Player 348,20,Unknown,Forward,18
349,Player 349,21,Unknown,Midfielder,18
350,Player 350,27,Unknown,Forward,18
351,Player 351,24,Unknown,Midfielder,18
352,Player 352,35,Unknown,Forward,18
353,Player 353,22,Unknown,Forward,18
354,Player 354,29,Unknown,Goalkeeper,18
355,Player 355,33,Unknown,Defender,18
356,Player 356,33,Unknown,Midfielder,18
357,Player 357,23,Unknown,Midfielder,18
358,Player 358,21,Unknown,Forward,18
359,Player 359,34,Unknown,Defender,18
360,Player 360,18,Unknown,Goalkeeper,18
361,Player 361,32,Unknown,Defender,19
362,Player 362,22,Unknown,Goalkeeper,19
363,Player 363,31,Unknown,Midfielder,19
364,Player 364,19,Unknown,Defender,19
365,Player 365,25,Unknown,Midfielder,19
366,Player 366,27,Unknown,Forward,19
367,Player 367,30,Unknown,Goalkeeper,19
368,Player 368,28,Unknown,Defender,19
369,Player 369,30,Unknown,Defender,19
370,Player 370,26,Unknown,Forward,19
371,Player 371,26,Unknown,Midfielder,19
372,Player 372,28,Unknown,Defender,19
373,Player 373,30,Unknown,Goalkeeper,19
374,Player 374,33,Unknown,Forward,19
375,Player 375,26,Unknown,Midfielder,19
376,Player 376,34,Unknown,Forward,19
377,Player 377,22,Unknown,Defender,19
378,Player 378,19,Unknown,Forward,19
379,Player 379,33,Unknown,Forward,19
380,Player 380,23,Unknown,Forward,19
381,Player 381,25,Unknown,Goalkeeper,20
382,Player 382,25,Unknown,Forward,20
383,Player 383,35,Unknown,Defender,20
384,Player 384,33,Unknown,Midfielder,20
385,Player 385,29,Unknown,Forward,20
386,Player 386,30,Unknown,Defender,20
387,Player 387,24,Unknown,Midfielder,20
388,Player 388,31,Unknown,Goalkeeper,20
389,Player 389,34,Unknown,Goalkeeper,20
390,Player 390,25,Unknown,Goalkeeper,20
391,Player 391,34,Unknown,Goalkeeper,20
392,Player 392,20,Unknown,Defender,20
393,Player 393,21,Unknown,Midfielder,20
394,Player 394,27,Unknown,Midfielder,20
395,Player 395,21,Unknown,Forward,20
396,Player 396,25,Unknown,Midfielder,20
397,Player 397,18,Unknown,Forward,20
398,Player 398,31,Unknown,Defender,20
399,Player 399,20,Unknown,Forward,20
400,Player 400,33,Unknown,Midfielder,20
401,Player 401,30,Unknown,Midfielder,21
402,Player 402,25,Unknown,Forward,21
403,Player 403,18,Unknown,Goalkeeper,21
404,Player 404,27,Unknown,Forward,21
405,Player 405,34,Unknown,Midfielder,21
406,Player 406,21,Unknown,Goalkeeper,21
407,Player 407,31,Unknown,Defender,21
408,Player 408,20,Unknown,Midfielder,21
409,Player 409,24,Unknown,Goalkeeper,21
410,Player 410,21,Unknown,Goalkeeper,21
411,Player 411,30,Unknown,Defender,21
412,Player 412,34,Unknown,Midfielder,21
413,Player 413,18,Unknown,Forward,21
414,Player 414,22,Unknown,Defender,21
415,Player 415,34,Unknown,Midfielder,21
416,Player 416,33,Unknown,Defender,21
417,Player 417,23,Unknown,Forward,21
418,Player 418,30,Unknown,Midfielder,21
419,Player 419,29,Unknown,Goalkeeper,21
420,Player 420,34,Unknown,Midfielder,21
421,Player 421,25,Unknown,Goalkeeper,22
422,Player 422,35,Unknown,Forward,22
423,Player 423,35,Unknown,Goalkeeper,22
424,Player 424,32,Unknown,Defender,22
425,Player 425,30,Unknown,Defender,22
426,Player 426,34,Unknown,Forward,22
427,Player 427,21,Unknown,Forward,22
428,Player 428,18,Unknown,Goalkeeper,22
429,Player 429,28,Unknown,Goalkeeper,22
430,Player 430,34,Unknown,Forward,22
431,Player 431,22,Unknown,Goalkeeper,22
432,Player 432,27,Unknown,Goalkeeper,22
433,Player 433,29,Unknown,Goalkeeper,22
434,Player 434,33,Unknown,Defender,22
435,Player 435,29,Unknown,Defender,22
436,Player 436,32,Unknown,Midfielder,22
437,Player 437,29,Unknown,Midfielder,22
438,Player 438,20,Unknown,Midfielder,22
439,Player 439,25,Unknown,Defender,22
440,Player 440,28,Unknown,Forward,22
441,Player 441,33,Unknown,Defender,23
442,Player 442,30,Unknown,Forward,23
443,Player 443,33,Unknown,Forward,23
444,Player 444,29,Unknown,Defender,23
445,Player 445,31,Unknown,Midfielder,23
446,Player 446,25,Unknown,Goalkeeper,23
447,Player 447,33,Unknown,Goalkeeper,23
448,Player 448,19,Unknown,Goalkeeper,23
449,Player 449,29,Unknown,Goalkeeper,23
450,Player 450,28,Unknown,Forward,23
451,Player 451,31,Unknown,Defender,23
452,Player 452,34,Unknown,Goalkeeper,23
453,Player 453,19,Unknown,Midfielder,23
454,Player 454,28,Unknown,Forward,23
455,Player 455,31,Unknown,Defender,23
456,Player 456,29,Unknown,Defender,23
457,Player 457,25,Unknown,Midfielder,23
458,Player 458,33,Unknown,Goalkeeper,23
459,Player 459,30,Unknown,Forward,23
460,Player 460,32,Unknown,Defender,23
461,Player 461,35,Unknown,Defender,24
462,Player 462,18,Unknown,Midfielder,24
463,Player 463,31,Unknown,Defender,24
464,Player 464,32,Unknown,Goalkeeper,24
465,Player 465,23,Unknown,Defender,24
466,Player 466,27,Unknown,Goalkeeper,24
467,Player 467,28,Unknown,Goalkeeper,24
468,Player 468,33,Unknown,Midfielder,24
469,Player 469,26,Unknown,Goalkeeper,24
470,Player 470,24,Unknown,Goalkeeper,24
471,Player 471,31,Unknown,Midfielder,24
472,Player 472,27,Unknown,Forward,24
473,Player 473,32,Unknown,Forward,24
474,Player 474,20,Unknown,Defender,24
475,Player 475,23,Unknown,Midfielder,24
476,Player 476,33,Unknown,Midfielder,24
477,Player 477,35,Unknown,Forward,24
478,Player 478,29,Unknown,Midfielder,24
479,Player 479,28,Unknown,Forward,24
480,Player 480,26,Unknown,Forward,24
481,Player 481,20,Unknown,Defender,25
482,Player 482,23,Unknown,Midfielder,25
483,Player 483,32,Unknown,Midfielder,25
484,Player 484,29,Unknown,Forward,25
485,Player 485,19,Unknown,Forward,25
486,Player 486,30,Unknown,Goalkeeper,25
487,Player 487,33,Unknown,Midfielder,25
488,Player 488,34,Unknown,Midfielder,25
489,Player 489,28,Unknown,Forward,25
490,Player 490,18,Unknown,Goalkeeper,25
491,Player 491,27,Unknown,Defender,25
492,Player 492,30,Unknown,Forward,25
493,Player 493,35,Unknown,Forward,25
494,Player 494,18,Unknown,Defender,25
495,Player 495,31,Unknown,Defender,25
496,Player 496,18,Unknown,Forward,25
497,Player 497,30,Unknown,Goalkeeper,25
498,Player 498,26,Unknown,Defender,25
499,Player 499,22,Unknown,Forward,25
500,Player 500,26,Unknown,Defender,25
501,Player 501,33,Unknown,Defender,26
502,Player 502,35,Unknown,Midfielder,26
503,Player 503,27,Unknown,Goalkeeper,26
504,Player 504,35,Unknown,Midfielder,26
505,Player 505,18,Unknown,Defender,26
506,Player 506,34,Unknown,Forward,26
507,Player 507,22,Unknown,Defender,26
508,Player 508,22,Unknown,Forward,26
509,Player 509,22,Unknown,Goalkeeper,26
510,Player 510,34,Unknown,Goalkeeper,26
511,Player 511,33,Unknown,Defender,26
512,Player 512,19,Unknown,Goalkeeper,26
513,Player 513,25,Unknown,Defender,26
514,Player 514,35,Unknown,Midfielder,26
515,Player 515,34,Unknown,Goalkeeper,26
516,Player 516,34,Unknown,Defender,26
517,Player 517,31,Unknown,Midfielder,26
518,Player 518,26,Unknown,Midfielder,26
519,Player 519,20,Unknown,Midfielder,26
520,Player 520,25,Unknown,Goalkeeper,26
521,Player 521,21,Unknown,Midfielder,27
522,Player 522,27,Unknown,Midfielder,27
523,Player 523,35,Unknown,Goalkeeper,27
524,Player 524,22,Unknown,Goalkeeper,27
525,Player 525,33,Unknown,Forward,27
526,Player 526,32,Unknown,Midfielder,27
527,Player 527,31,Unknown,Forward,27
528,Player 528,22,Unknown,Midfielder,27
529,Player 529,25,Unknown,Forward,27
530,Player 530,23,Unknown,Defender,27
531,Player 531,28,Unknown,Defender,27
532,Player 532,33,Unknown,Midfielder,27
533,Player 533,19,Unknown,Forward,27
534,Player 534,22,Unknown,Midfielder,27
535,Player 535,34,Unknown,Forward,27
536,Player 536,32,Unknown,Midfielder,27
537,Player 537,23,Unknown,Forward,27
538,Player 538,29,Unknown,Forward,27
539,Player 539,29,Unknown,Midfielder,27
540,Player 540,34,Unknown,Defender,27
541,Player 541,35,Unknown,Goalkeeper,28
542,Player 542,35,Unknown,Defender,28
543,Player 543,30,Unknown,Defender,28
544,Player 544,21,Unknown,Goalkeeper,28
545,Player 545,35,Unknown,Defender,28
546,Player 546,34,Unknown,Goalkeeper,28
547,Player 547,32,Unknown,Forward,28
548,Player 548,21,Unknown,Defender,28
549,Player 549,22,Unknown,Midfielder,28
550,Player 550,25,Unknown,Goalkeeper,28
551,Player 551,32,Unknown,Forward,28
552,Player 552,33,Unknown,Forward,28
553,Player 553,30,Unknown,Forward,28
554,Player 554,28,Unknown,Midfielder,28
555,Player 555,33,Unknown,Forward,28
556,Player 556,26,Unknown,Midfielder,28
557,Player 557,22,Unknown,Midfielder,28
558,Player 558,32,Unknown,Forward,28
559,Player 559,34,Unknown,Defender,28
560,Player 560,18,Unknown,Goalkeeper,28
561,Player 561,20,Unknown,Goalkeeper,29
562,Player 562,22,Unknown,Defender,29
563,Player 563,31,Unknown,Midfielder,29
564,Player 564,19,Unknown,Midfielder,29
565,Player 565,33,Unknown,Defender,29
566,Player 566,27,Unknown,Midfielder,29
567,Player 567,27,Unknown,Midfielder,29
568,Player 568,23,Unknown,Forward,29
569,Player 569,25,Unknown,Defender,29
570,Player 570,29,Unknown,Midfielder,29
571,Player 571,31,Unknown,Forward,29
572,Player 572,18,Unknown,Forward,29
573,Player 573,22,Unknown,Defender,29
574,Player 574,28,Unknown,Midfielder,29
575,Player 575,30,Unknown,Goalkeeper,29
576,Player 576,22,Unknown,Defender,29
577,Player 577,33,Unknown,Goalkeeper,29
578,Player 578,21,Unknown,Forward,29
579,Player 579,26,Unknown,Defender,29
580,Player 580,24,Unknown,Midfielder,29
581,Player 581,30,Unknown,Midfielder,30
582,Player 582,29,Unknown,Defender,30
583,Player 583,27,Unknown,Midfielder,30
584,Player 584,21,Unknown,Midfielder,30
585,Player 585,28,Unknown,Midfielder,30
586,Player 586,30,Unknown,Midfielder,30
587,Player 587,26,Unknown,Goalkeeper,30
588,Player 588,34,Unknown,Midfielder,30
589,Player 589,27,Unknown,Midfielder,30
590,Player 590,30,Unknown,Goalkeeper,30
591,Player 591,30,Unknown,Midfielder,30
592,Player 592,30,Unknown,Midfielder,30
593,Player 593,33,Unknown,Midfielder,30
594,Player 594,18,Unknown,Forward,30
595,Player 595,34,Unknown,Goalkeeper,30
596,Player 596,32,Unknown,Goalkeeper,30
597,Player 597,23,Unknown,Defender,30
598,Player 598,26,Unknown,Defender,30
599,Player 599,19,Unknown,Forward,30
600,Player 600,21,Unknown,Defender,30
601,Player 601,26,Unknown,Forward,31
602,Player 602,28,Unknown,Goalkeeper,31
603,Player 603,23,Unknown,Midfielder,31
604,Player 604,33,Unknown,Forward,31
605,Player 605,18,Unknown,Defender,31
606,Player 606,21,Unknown,Goalkeeper,31
607,Player 607,29,Unknown,Defender,31
608,Player 608,34,Unknown,Defender,31
609,Player 609,27,Unknown,Defender,31
610,Player 610,18,Unknown,Forward,31
611,Player 611,18,Unknown,Forward,31
612,Player 612,22,Unknown,Goalkeeper,31
613,Player 613,26,Unknown,Forward,31
614,Player 614,33,Unknown,Forward,31
615,Player 615,31,Unknown,Goalkeeper,31
616,Player 616,31,Unknown,Forward,31
617,Player 617,20,Unknown,Forward,31
618,Player 618,22,Unknown,Goalkeeper,31
619,Player 619,30,Unknown,Defender,31
620,Player 620,25,Unknown,Midfielder,31
621,Player 621,28,Unknown,Goalkeeper,32
622,Player 622,32,Unknown,Forward,32
623,Player 623,24,Unknown,Defender,32
624,Player 624,31,Unknown,Forward,32
625,Player 625,25,Unknown,Midfielder,32
626,Player 626,28,Unknown,Midfielder,32
627,Player 627,27,Unknown,Goalkeeper,32
628,Player 628,32,Unknown,Defender,32
629,Player 629,24,Unknown,Goalkeeper,32
630,Player 630,26,Unknown,Forward,32
631,Player 631,28,Unknown,Midfielder,32
632,Player 632,22,Unknown,Forward,32
633,Player 633,23,Unknown,Midfielder,32
634,Player 634,25,Unknown,Midfielder,32
635,Player 635,21,Unknown,Goalkeeper,32
636,Player 636,22,Unknown,Forward,32
637,Player 637,31,Unknown,Midfielder,32
638,Player 638,18,Unknown,Defender,32
639,Player 639,23,Unknown,Forward,32
640,Player 640,32,Unknown,Forward,32
641,Player 641,27,Unknown,Goalkeeper,33
642,Player 642,30,Unknown,Defender,33
643,Player 643,29,Unknown,Goalkeeper,33
644,Player 644,30,Unknown,Goalkeeper,33
645,Player 645,32,Unknown,Midfielder,33
646,Player 646,21,Unknown,Forward,33
647,Player 647,30,Unknown,Forward,33
648,Player 648,30,Unknown,Forward,33
649,Player 649,25,Unknown,Forward,33
650,Player 650,22,Unknown,Midfielder,33
651,Player 651,25,Unknown,Defender,33
652,Player 652,18,Unknown,Forward,33
653,Player 653,27,Unknown,Midfielder,33
654,Player 654,27,Unknown,Forward,33
655,Player 655,33,Unknown,Goalkeeper,33
656,Player 656,22,Unknown,Forward,33
657,Player 657,18,Unknown,Forward,33
658,Player 658,25,Unknown,Defender,33
659,Player 659,27,Unknown,Midfielder,33
660,Player 660,26,Unknown,Forward,33
661,Player 661,28,Unknown,Defender,34
662,Player 662,26,Unknown,Midfielder,34
663,Player 663,34,Unknown,Defender,34
664,Player 664,25,Unknown,Goalkeeper,34
665,Player 665,28,Unknown,Forward,34
666,Player 666,30,Unknown,Forward,34
667,Player 667,34,Unknown,Forward,34
668,Player 668,35,Unknown,Midfielder,34
669,Player 669,24,Unknown,Goalkeeper,34
670,Player 670,27,Unknown,Defender,34
671,Player 671,23,Unknown,Defender,34
672,Player 672,24,Unknown,Defender,34
673,Player 673,26,Unknown,Goalkeeper,34
674,Player 674,18,Unknown,Goalkeeper,34
675,Player 675,35,Unknown,Defender,34
676,Player 676,25,Unknown,Forward,34
677,Player 677,30,Unknown,Forward,34
678,Player 678,26,Unknown,Defender,34
679,Player 679,32,Unknown,Midfielder,34
680,Player 680,24,Unknown,Defender,34
681,Player 681,35,Unknown,Defender,35
682,Player 682,31,Unknown,Forward,35
683,Player 683,19,Unknown,Midfielder,35
684,Player 684,20,Unknown,Forward,35
685,Player 685,19,Unknown,Defender,35
686,Player 686,31,Unknown,Midfielder,35
687,Player 687,32,Unknown,Midfielder,35
688,Player 688,25,Unknown,Goalkeeper,35
689,Player 689,35,Unknown,Goalkeeper,35
690,Player 690,20,Unknown,Defender,35
691,Player 691,27,Unknown,Forward,35
692,Player 692,18,Unknown,Midfielder,35
693,Player 693,19,Unknown,Defender,35
694,Player 694,21,Unknown,Midfielder,35
695,Player 695,18,Unknown,Defender,35
696,Player 696,19,Unknown,Goalkeeper,35
697,Player 697,23,Unknown,Defender,35
698,Player 698,35,Unknown,Goalkeeper,35
699,Player 699,26,Unknown,Defender,35
700,Player 700,32,Unknown,Midfielder,35
701,Player 701,31,Unknown,Forward,36
702,Player 702,35,Unknown,Midfielder,36
703,Player 703,26,Unknown,Defender,36
704,Player 704,28,Unknown,Midfielder,36
705,Player 705,22,Unknown,Defender,36
706,Player 706,19,Unknown,Goalkeeper,36
707,Player 707,27,Unknown,Midfielder,36
708,Player 708,30,Unknown,Goalkeeper,36
709,Player 709,22,Unknown,Defender,36
710,Player 710,32,Unknown,Forward,36
711,Player 711,23,Unknown,Defender,36
712,Player 712,21,Unknown,Midfielder,36
713,Player 713,22,Unknown,Forward,36
714,Player 714,33,Unknown,Midfielder,36
715,Player 715,20,Unknown,Defender,36
716,Player 716,26,Unknown,Goalkeeper,36
717,Player 717,31,Unknown,Goalkeeper,36
718,Player 718,32,Unknown,Defender,36
719,Player 719,18,Unknown,Midfielder,36
720,Player 720,19,Unknown,Defender,36
721,Player 721,24,Unknown,Forward,37
722,Player 722,22,Unknown,Midfielder,37
723,Player 723,35,Unknown,Midfielder,37
724,Player 724,29,Unknown,Goalkeeper,37
725,Player 725,24,Unknown,Forward,37
726,Player 726,25,Unknown,Forward,37
727,Player 727,21,Unknown,Midfielder,37
728,Player 728,18,Unknown,Goalkeeper,37
729,Player 729,29,Unknown,Goalkeeper,37
730,Player 730,34,Unknown,Forward,37
731,Player 731,31,Unknown,Goalkeeper,37
732,Player 732,34,Unknown,Goalkeeper,37
733,Player 733,26,Unknown,Goalkeeper,37
734,Player 734,32,Unknown,Midfielder,37
735,Player 735,29,Unknown,Forward,37
736,Player 736,33,Unknown,Forward,37
737,Player 737,34,Unknown,Forward,37
738,Player 738,31,Unknown,Forward,37
739,Player 739,35,Unknown,Midfielder,37
740,Player 740,34,Unknown,Midfielder,37
741,Player 741,35,Unknown,Midfielder,38
742,Player 742,28,Unknown,Defender,38
743,Player 743,19,Unknown,Forward,38
744,Player 744,32,Unknown,Midfielder,38
745,Player 745,27,Unknown,Defender,38
746,Player 746,27,Unknown,Midfielder,38
747,Player 747,32,Unknown,Forward,38
748,Player 748,18,Unknown,Goalkeeper,38
749,Player 749,22,Unknown,Forward,38
750,Player 750,19,Unknown,Defender,38
751,Player 751,23,Unknown,Defender,38
752,Player 752,28,Unknown,Defender,38
753,Player 753,25,Unknown,Defender,38
754,Player 754,26,Unknown,Defender,38
755,Player 755,32,Unknown,Defender,38
756,Player 756,33,Unknown,Defender,38
757,Player 757,27,Unknown,Goalkeeper,38
758,Player 758,28,Unknown,Goalkeeper,38
759,Player 759,30,Unknown,Midfielder,38
760,Player 760,24,Unknown,Midfielder,38
761,Player 761,22,Unknown,Goalkeeper,39
762,Player 762,35,Unknown,Defender,39
763,Player 763,30,Unknown,Midfielder,39
764,Player 764,19,Unknown,Goalkeeper,39
765,Player 765,30,Unknown,Goalkeeper,39
766,Player 766,35,Unknown,Goalkeeper,39
767,Player 767,33,Unknown,Midfielder,39
768,Player 768,18,Unknown,Goalkeeper,39
769,Player 769,32,Unknown,Forward,39
770,Player 770,21,Unknown,Goalkeeper,39
771,Player 771,30,Unknown,Midfielder,39
772,Player 772,30,Unknown,Defender,39
773,Player 773,26,Unknown,Midfielder,39
774,Player 774,20,Unknown,Goalkeeper,39
775,Player 775,31,Unknown,Midfielder,39
776,Player 776,35,Unknown,Forward,39
777,Player 777,24,Unknown,Forward,39
778,Player 778,20,Unknown,Forward,39
779,Player 779,30,Unknown,Midfielder,39
780,Player 780,21,Unknown,Midfielder,39
781,Player 781,32,Unknown,Midfielder,40
782,Player 782,29,Unknown,Defender,40
783,Player 783,31,Unknown,Forward,40
784,Player 784,31,Unknown,Forward,40
785,Player 785,27,Unknown,Forward,40
786,Player 786,25,Unknown,Forward,40
787,Player 787,26,Unknown,Goalkeeper,40
788,Player 788,33,Unknown,Forward,40
789,Player 789,33,Unknown,Forward,40
790,Player 790,19,Unknown,Forward,40
791,Player 791,26,Unknown,Forward,40
792,Player 792,32,Unknown,Forward,40
793,Player 793,35,Unknown,Goalkeeper,40
794,Player 794,29,Unknown,Forward,40
795,Player 795,22,Unknown,Goalkeeper,40
796,Player 796,24,Unknown,Forward,40
797,Player 797,22,Unknown,Goalkeeper,40
798,Player 798,18,Unknown,Midfielder,40
799,Player 799,27,Unknown,Forward,40
800,Player 800,35,Unknown,Midfielder,40
801,Player 801,18,Unknown,Goalkeeper,41
802,Player 802,34,Unknown,Forward,41
803,Player 803,29,Unknown,Goalkeeper,41
804,Player 804,35,Unknown,Goalkeeper,41
805,Player 805,24,Unknown,Defender,41
806,Player 806,23,Unknown,Goalkeeper,41
807,Player 807,20,Unknown,Goalkeeper,41
808,Player 808,34,Unknown,Midfielder,41
809,Player 809,19,Unknown,Goalkeeper,41
810,Player 810,35,Unknown,Defender,41
811,Player 811,29,Unknown,Defender,41
812,Player 812,34,Unknown,Goalkeeper,41
813,Player 813,26,Unknown,Goalkeeper,41
814,Player 814,26,Unknown,Midfielder,41
815,Player 815,35,Unknown,Forward,41
816,Player 816,23,Unknown,Goalkeeper,41
817,Player 817,21,Unknown,Defender,41
818,Player 818,32,Unknown,Forward,41
819,Player 819,30,Unknown,Defender,41
820,Player 820,27,Unknown,Goalkeeper,41
821,Player 821,23,Unknown,Forward,42
822,Player 822,34,Unknown,Forward,42
823,Player 823,33,Unknown,Defender,42
824,Player 824,30,Unknown,Defender,42
825,Player 825,34,Unknown,Forward,42
826,Player 826,21,Unknown,Goalkeeper,42
827,Player 827,34,Unknown,Goalkeeper,42
828,Player 828,28,Unknown,Goalkeeper,42
829,Player 829,19,Unknown,Goalkeeper,42
830,Player 830,30,Unknown,Goalkeeper,42
831,Player 831,28,Unknown,Midfielder,42
832,Player 832,21,Unknown,Goalkeeper,42
833,Player 833,21,Unknown,Goalkeeper,42
834,Player 834,21,Unknown,Goalkeeper,42
835,Player 835,28,Unknown,Forward,42
836,Player 836,24,Unknown,Goalkeeper,42
837,Player 837,19,Unknown,Midfielder,42
838,Player 838,31,Unknown,Defender,42
839,Player 839,22,Unknown,Defender,42
840,Player 840,33,Unknown,Defender,42
841,Player 841,35,Unknown,Forward,43
842,Player 842,25,Unknown,Goalkeeper,43
843,Player 843,21,Unknown,Goalkeeper,43
844,Player 844,29,Unknown,Defender,43
845,Player 845,26,Unknown,Forward,43
846,Player 846,18,Unknown,Defender,43
847,Player 847,19,Unknown,Forward,43
848,Player 848,31,Unknown,Goalkeeper,43
849,Player 849,29,Unknown,Forward,43
850,Player 850,22,Unknown,Goalkeeper,43
851,Player 851,26,Unknown,Midfielder,43
852,Player 852,35,Unknown,Midfielder,43
853,Player 853,26,Unknown,Defender,43
854,Player 854,27,Unknown,Forward,43
855,Player 855,29,Unknown,Goalkeeper,43
856,Player 856,34,Unknown,Midfielder,43
857,Player 857,27,Unknown,Forward,43
858,Player 858,30,Unknown,Forward,43
859,Player 859,23,Unknown,Midfielder,43
860,Player 860,20,Unknown,Midfielder,43
861,Player 861,33,Unknown,Goalkeeper,44
862,Player 862,20,Unknown,Defender,44
863,Player 863,22,Unknown,Goalkeeper,44
864,Player 864,27,Unknown,Defender,44
865,Player 865,20,Unknown,Midfielder,44
866,Player 866,26,Unknown,Midfielder,44
867,Player 867,30,Unknown,Forward,44
868,Player 868,27,Unknown,Forward,44
869,Player 869,19,Unknown,Goalkeeper,44
870,Player 870,29,Unknown,Forward,44
871,Player 871,26,Unknown,Midfielder,44
872,Player 872,31,Unknown,Forward,44
873,Player 873,20,Unknown,Midfielder,44
874,Player 874,33,Unknown,Defender,44
875,Player 875,31,Unknown,Goalkeeper,44
876,Player 876,22,Unknown,Forward,44
877,Player 877,28,Unknown,Defender,44
878,Player 878,33,Unknown,Forward,44
879,Player 879,27,Unknown,Midfielder,44
880,Player 880,30,Unknown,Forward,44
881,Player 881,20,Unknown,Defender,45
882,Player 882,28,Unknown,Forward,45
883,Player 883,18,Unknown,Forward,45
884,Player 884,25,Unknown,Goalkeeper,45
885,Player 885,28,Unknown,Forward,45
886,Player 886,21,Unknown,Forward,45
887,Player 887,20,Unknown,Goalkeeper,45
888,Player 888,25,Unknown,Forward,45
889,Player 889,25,Unknown,Midfielder,45
890,Player 890,27,Unknown,Defender,45
891,Player 891,29,Unknown,Forward,45
892,Player 892,27,Unknown,Midfielder,45
893,Player 893,27,Unknown,Defender,45
894,Player 894,25,Unknown,Midfielder,45
895,Player 895,25,Unknown,Goalkeeper,45
896,Player 896,28,Unknown,Goalkeeper,45
897,Player 897,33,Unknown,Forward,45
898,Player 898,30,Unknown,Forward,45
899,Player 899,28,Unknown,Forward,45
900,Player 900,21,Unknown,Forward,45
901,Player 901,21,Unknown,Goalkeeper,46
902,Player 902,23,Unknown,Midfielder,46
903,Player 903,21,Unknown,Goalkeeper,46
904,Player 904,32,Unknown,Defender,46
905,Player 905,30,Unknown,Defender,46
906,Player 906,35,Unknown,Defender,46
907,Player 907,34,Unknown,Defender,46
908,Player 908,35,Unknown,Defender,46
909,Player 909,28,Unknown,Forward,46
910,Player 910,20,Unknown,Goalkeeper,46
911,Player 911,25,Unknown,Goalkeeper,46
912,Player 912,27,Unknown,Goalkeeper,46
913,Player 913,29,Unknown,Forward,46
914,Player 914,20,Unknown,Goalkeeper,46
915,Player 915,26,Unknown,Defender,46
916,Player 916,28,Unknown,Midfielder,46
917,Player 917,30,Unknown,Goalkeeper,46
918,Player 918,25,Unknown,Forward,46
919,Player 919,33,Unknown,Forward,46
920,Player 920,33,Unknown,Goalkeeper,46
921,Player 921,22,Unknown,Midfielder,47
922,Player 922,24,Unknown,Goalkeeper,47
923,Player 923,21,Unknown,Midfielder,47
924,Player 924,22,Unknown,Forward,47
925,Player 925,21,Unknown,Goalkeeper,47
926,Player 926,28,Unknown,Forward,47
927,Player 927,35,Unknown,Goalkeeper,47
928,Player 928,33,Unknown,Midfielder,47
929,Player 929,22,Unknown,Midfielder,47
930,Player 930,30,Unknown,Goalkeeper,47
931,Player 931,26,Unknown,Midfielder,47
932,Player 932,20,Unknown,Forward,47
933,Player 933,26,Unknown,Forward,47
934,Player 934,25,Unknown,Defender,47
935,Player 935,18,Unknown,Defender,47
936,Player 936,30,Unknown,Goalkeeper,47
937,Player 937,34,Unknown,Midfielder,47
938,Player 938,35,Unknown,Goalkeeper,47
939,Player 939,29,Unknown,Goalkeeper,47
940,Player 940,31,Unknown,Midfielder,47
941,Player 941,31,Unknown,Forward,48
942,Player 942,31,Unknown,Forward,48
943,Player 943,18,Unknown,Goalkeeper,48
944,Player 944,23,Unknown,Midfielder,48
945,Player 945,27,Unknown,Defender,48
946,Player 946,28,Unknown,Midfielder,48
947,Player 947,29,Unknown,Midfielder,48
948,Player 948,35,Unknown,Forward,48
949,Player 949,23,Unknown,Defender,48
950,Player 950,28,Unknown,Defender,48
951,Player 951,25,Unknown,Defender,48
952,Player 952,20,Unknown,Goalkeeper,48
953,Player 953,29,Unknown,Defender,48
954,Player 954,32,Unknown,Forward,48
955,Player 955,34,Unknown,Forward,48
956,Player 956,21,Unknown,Goalkeeper,48
957,Player 957,27,Unknown,Forward,48
958,Player 958,23,Unknown,Defender,48
959,Player 959,18,Unknown,Defender,48
960,Player 960,33,Unknown,Forward,48
961,Player 961,30,Unknown,Midfielder,49
962,Player 962,29,Unknown,Forward,49
963,Player 963,19,Unknown,Goalkeeper,49
964,Player 964,30,Unknown,Defender,49
965,Player 965,34,Unknown,Midfielder,49
966,Player 966,21,Unknown,Goalkeeper,49
967,Player 967,25,Unknown,Forward,49
968,Player 968,21,Unknown,Midfielder,49
969,Player 969,18,Unknown,Defender,49
970,Player 970,30,Unknown,Forward,49
971,Player 971,19,Unknown,Forward,49
972,Player 972,34,Unknown,Goalkeeper,49
973,Player 973,29,Unknown,Goalkeeper,49
974,Player 974,31,Unknown,Midfielder,49
975,Player 975,24,Unknown,Forward,49
976,Player 976,35,Unknown,Forward,49
977,Player 977,18,Unknown,Forward,49
978,Player 978,35,Unknown,Defender,49
979,Player 979,24,Unknown,Midfielder,49
980,Player 980,34,Unknown,Midfielder,49
981,Player 981,18,Unknown,Defender,50
982,Player 982,28,Unknown,Forward,50
983,Player 983,35,Unknown,Defender,50
984,Player 984,19,Unknown,Defender,50
985,Player 985,20,Unknown,Forward,50
986,Player 986,33,Unknown,Midfielder,50
987,Player 987,20,Unknown,Goalkeeper,50
988,Player 988,31,Unknown,Goalkeeper,50
989,Player 989,27,Unknown,Defender,50
990,Player 990,19,Unknown,Defender,50
991,Player 991,30,Unknown,Midfielder,50
992,Player 992,35,Unknown,Forward,50
993,Player 993,23,Unknown,Forward,50
994,Player 994,35,Unknown,Midfielder,50
995,Player 995,20,Unknown,Midfielder,50
996,Player 996,19,Unknown,Goalkeeper,50
997,Player 997,18,Unknown,Defender,50
998,Player 998,30,Unknown,Forward,50
999,Player 999,27,Unknown,Defender,50
1000,Player 1000,19,Unknown,Forward,50
1001,Player 1001,28,Unknown,Defender,51
1002,Player 1002,18,Unknown,Goalkeeper,51
1003,Player 1003,27,Unknown,Midfielder,51
1004,Player 1004,35,Unknown,Goalkeeper,51
1005,Player 1005,34,Unknown,Midfielder,51
1006,Player 1006,33,Unknown,Goalkeeper,51
1007,Player 1007,22,Unknown,Defender,51
1008,Player 1008,27,Unknown,Midfielder,51
1009,Player 1009,23,Unknown,Midfielder,51
1010,Player 1010,22,Unknown,Midfielder,51
1011,Player 1011,29,Unknown,Forward,51
1012,Player 1012,31,Unknown,Midfielder,51
1013,Player 1013,21,Unknown,Midfielder,51
1014,Player 1014,35,Unknown,Forward,51
1015,Player 1015,35,Unknown,Goalkeeper,51
1016,Player 1016,28,Unknown,Defender,51
1017,Player 1017,24,Unknown,Forward,51
1018,Player 1018,23,Unknown,Midfielder,51
1019,Player 1019,21,Unknown,Goalkeeper,51
1020,Player 1020,34,Unknown,Goalkeeper,51
1021,Player 1021,29,Unknown,Goalkeeper,52
1022,Player 1022,18,Unknown,Midfielder,52
1023,Player 1023,21,Unknown,Defender,52
1024,Player 1024,18,Unknown,Defender,52
1025,Player 1025,28,Unknown,Midfielder,52
1026,Player 1026,22,Unknown,Defender,52
1027,Player 1027,25,Unknown,Midfielder,52
1028,Player 1028,23,Unknown,Midfielder,52
1029,Player 1029,33,Unknown,Forward,52
1030,Player 1030,31,Unknown,Defender,52
1031,Player 1031,24,Unknown,Defender,52
1032,Player 1032,21,Unknown,Goalkeeper,52
1033,Player 1033,22,Unknown,Defender,52
1034,Player 1034,25,Unknown,Forward,52
1035,Player 1035,26,Unknown,Defender,52
1036,Player 1036,28,Unknown,Goalkeeper,52
1037,Player 1037,32,Unknown,Forward,52
1038,Player 1038,35,Unknown,Forward,52
1039,Player 1039,18,Unknown,Forward,52
1040,Player 1040,23,Unknown,Goalkeeper,52
1041,Player 1041,24,Unknown,Goalkeeper,53
1042,Player 1042,28,Unknown,Forward,53
1043,Player 1043,23,Unknown,Defender,53
1044,Player 1044,20,Unknown,Midfielder,53
1045,Player 1045,35,Unknown,Midfielder,53
1046,Player 1046,35,Unknown,Midfielder,53
1047,Player 1047,28,Unknown,Goalkeeper,53
1048,Player 1048,18,Unknown,Forward,53
1049,Player 1049,18,Unknown,Goalkeeper,53
1050,Player 1050,35,Unknown,Defender,53
1051,Player 1051,26,Unknown,Forward,53
1052,Player 1052,20,Unknown,Midfielder,53
1053,Player 1053,24,Unknown,Goalkeeper,53
1054,Player 1054,19,Unknown,Forward,53
1055,Player 1055,28,Unknown,Defender,53
1056,Player 1056,31,Unknown,Midfielder,53
1057,Player 1057,32,Unknown,Forward,53
1058,Player 1058,34,Unknown,Forward,53
1059,Player 1059,28,Unknown,Forward,53
1060,Player 1060,34,Unknown,Goalkeeper,53
1061,Player 1061,21,Unknown,Goalkeeper,54
1062,Player 1062,32,Unknown,Goalkeeper,54
1063,Player 1063,32,Unknown,Defender,54
1064,Player 1064,33,Unknown,Forward,54
1065,Player 1065,31,Unknown,Forward,54
1066,Player 1066,23,Unknown,Forward,54
1067,Player 1067,26,Unknown,Midfielder,54
1068,Player 1068,27,Unknown,Goalkeeper,54
1069,Player 1069,28,Unknown,Goalkeeper,54
1070,Player 1070,33,Unknown,Defender,54
1071,Player 1071,23,Unknown,Goalkeeper,54
1072,Player 1072,34,Unknown,Defender,54
1073,Player 1073,25,Unknown,Goalkeeper,54
1074,Player 1074,22,Unknown,Midfielder,54
1075,Player 1075,34,Unknown,Defender,54
1076,Player 1076,30,Unknown,Midfielder,54
1077,Player 1077,32,Unknown,Goalkeeper,54
1078,Player 1078,25,Unknown,Defender,54
1079,Player 1079,26,Unknown,Midfielder,54
1080,Player 1080,19,Unknown,Midfielder,54
1081,Player 1081,18,Unknown,Defender,55
1082,Player 1082,31,Unknown,Defender,55
1083,Player 1083,29,Unknown,Goalkeeper,55
1084,Player 1084,33,Unknown,Midfielder,55
1085,Player 1085,33,Unknown,Forward,55
1086,Player 1086,35,Unknown,Defender,55
1087,Player 1087,18,Unknown,Goalkeeper,55
1088,Player 1088,23,Unknown,Goalkeeper,55
1089,Player 1089,32,Unknown,Goalkeeper,55
1090,Player 1090,20,Unknown,Forward,55
1091,Player 1091,35,Unknown,Defender,55
1092,Player 1092,32,Unknown,Goalkeeper,55
1093,Player 1093,31,Unknown,Defender,55
1094,Player 1094,31,Unknown,Goalkeeper,55
1095,Player 1095,33,Unknown,Forward,55
1096,Player 1096,23,Unknown,Midfielder,55
1097,Player 1097,20,Unknown,Midfielder,55
1098,Player 1098,24,Unknown,Goalkeeper,55
1099,Player 1099,18,Unknown,Forward,55
1100,Player 1100,25,Unknown,Midfielder,55
1101,Player 1101,22,Unknown,Goalkeeper,56
1102,Player 1102,28,Unknown,Forward,56
1103,Player 1103,19,Unknown,Defender,56
1104,Player 1104,31,Unknown,Goalkeeper,56
1105,Player 1105,32,Unknown,Midfielder,56
1106,Player 1106,34,Unknown,Midfielder,56
1107,Player 1107,21,Unknown,Goalkeeper,56
1108,Player 1108,35,Unknown,Midfielder,56
1109,Player 1109,21,Unknown,Goalkeeper,56
1110,Player 1110,24,Unknown,Goalkeeper,56
1111,Player 1111,19,Unknown,Midfielder,56
1112,Player 1112,31,Unknown,Defender,56
1113,Player 1113,25,Unknown,Forward,56
1114,Player 1114,19,Unknown,Defender,56
1115,Player 1115,19,Unknown,Forward,56
1116,Player 1116,20,Unknown,Goalkeeper,56
1117,Player 1117,33,Unknown,Defender,56
1118,Player 1118,26,Unknown,Defender,56
1119,Player 1119,21,Unknown,Goalkeeper,56
1120,Player 1120,25,Unknown,Midfielder,56
1121,Player 1121,19,Unknown,Midfielder,57
1122,Player 1122,18,Unknown,Defender,57
1123,Player 1123,31,Unknown,Defender,57
1124,Player 1124,22,Unknown,Defender,57
1125,Player 1125,20,Unknown,Forward,57
1126,Player 1126,34,Unknown,Goalkeeper,57
1127,Player 1127,31,Unknown,Midfielder,57
1128,Player 1128,32,Unknown,Midfielder,57
1129,Player 1129,23,Unknown,Midfielder,57
1130,Player 1130,32,Unknown,Goalkeeper,57
1131,Player 1131,33,Unknown,Midfielder,57
1132,Player 1132,19,Unknown,Goalkeeper,57
1133,Player 1133,23,Unknown,Goalkeeper,57
1134,Player 1134,18,Unknown,Defender,57
1135,Player 1135,25,Unknown,Midfielder,57
1136,Player 1136,35,Unknown,Goalkeeper,57
1137,Player 1137,19,Unknown,Goalkeeper,57
1138,Player 1138,20,Unknown,Goalkeeper,57
1139,Player 1139,34,Unknown,Goalkeeper,57
1140,Player 1140,19,Unknown,Midfielder,57
1141,Player 1141,20,Unknown,Forward,58
1142,Player 1142,26,Unknown,Forward,58
1143,Player 1143,21,Unknown,Midfielder,58
1144,Player 1144,22,Unknown,Midfielder,58
1145,Player 1145,20,Unknown,Midfielder,58
1146,Player 1146,28,Unknown,Midfielder,58
1147,Player 1147,30,Unknown,Forward,58
1148,Player 1148,35,Unknown,Midfielder,58
1149,Player 1149,32,Unknown,Defender,58
1150,Player 1150,26,Unknown,Defender,58
1151,Player 1151,24,Unknown,Goalkeeper,58
1152,Player 1152,33,Unknown,Midfielder,58
1153,Player 1153,21,Unknown,Forward,58
1154,Player 1154,31,Unknown,Goalkeeper,58
1155,Player 1155,30,Unknown,Forward,58
1156,Player 1156,27,Unknown,Forward,58
1157,Player 1157,20,Unknown,Midfielder,58
1158,Player 1158,24,Unknown,Midfielder,58
1159,Player 1159,28,Unknown,Forward,58
1160,Player 1160,18,Unknown,Forward,58
1161,Player 1161,35,Unknown,Forward,59
1162,Player 1162,24,Unknown,Goalkeeper,59
1163,Player 1163,31,Unknown,Defender,59
1164,Player 1164,20,Unknown,Defender,59
1165,Player 1165,24,Unknown,Defender,59
1166,Player 1166,29,Unknown,Forward,59
1167,Player 1167,18,Unknown,Forward,59
1168,Player 1168,28,Unknown,Goalkeeper,59
1169,Player 1169,32,Unknown,Midfielder,59
1170,Player 1170,20,Unknown,Defender,59
1171,Player 1171,21,Unknown,Midfielder,59
1172,Player 1172,21,Unknown,Defender,59
1173,Player 1173,26,Unknown,Forward,59
1174,Player 1174,28,Unknown,Defender,59
1175,Player 1175,32,Unknown,Defender,59
1176,Player 1176,27,Unknown,Midfielder,59
1177,Player 1177,19,Unknown,Midfielder,59
1178,Player 1178,31,Unknown,Midfielder,59
1179,Player 1179,19,Unknown,Goalkeeper,59
1180,Player 1180,22,Unknown,Midfielder,59
1181,Player 1181,25,Unknown,Midfielder,60
1182,Player 1182,23,Unknown,Goalkeeper,60
1183,Player 1183,21,Unknown,Goalkeeper,60
1184,Player 1184,29,Unknown,Goalkeeper,60
1185,Player 1185,32,Unknown,Forward,60
1186,Player 1186,27,Unknown,Midfielder,60
1187,Player 1187,35,Unknown,Goalkeeper,60
1188,Player 1188,24,Unknown,Defender,60
1189,Player 1189,34,Unknown,Midfielder,60
1190,Player 1190,24,Unknown,Midfielder,60
1191,Player 1191,19,Unknown,Defender,60
1192,Player 1192,31,Unknown,Goalkeeper,60
1193,Player 1193,34,Unknown,Goalkeeper,60
1194,Player 1194,29,Unknown,Defender,60
1195,Player 1195,28,Unknown,Midfielder,60
1196,Player 1196,35,Unknown,Defender,60
1197,Player 1197,27,Unknown,Forward,60
1198,Player 1198,20,Unknown,Goalkeeper,60
1199,Player 1199,34,Unknown,Forward,60
1200,Player 1200,18,Unknown,Midfielder,60
1201,Player 1201,35,Unknown,Defender,61
1202,Player 1202,30,Unknown,Midfielder,61
1203,Player 1203,32,Unknown,Defender,61
1204,Player 1204,24,Unknown,Defender,61
1205,Player 1205,35,Unknown,Forward,61
1206,Player 1206,19,Unknown,Goalkeeper,61
1207,Player 1207,20,Unknown,Midfielder,61
1208,Player 1208,34,Unknown,Defender,61
1209,Player 1209,35,Unknown,Forward,61
1210,Player 1210,24,Unknown,Goalkeeper,61
1211,Player 1211,21,Unknown,Forward,61
1212,Player 1212,25,Unknown,Goalkeeper,61
1213,Player 1213,23,Unknown,Midfielder,61
1214,Player 1214,22,Unknown,Defender,61
1215,Player 1215,20,Unknown,Defender,61
1216,Player 1216,29,Unknown,Midfielder,61
1217,Player 1217,18,Unknown,Goalkeeper,61
1218,Player 1218,23,Unknown,Goalkeeper,61
1219,Player 1219,27,Unknown,Defender,61
1220,Player 1220,28,Unknown,Midfielder,61
1221,Player 1221,27,Unknown,Midfielder,62
1222,Player 1222,27,Unknown,Goalkeeper,62
1223,Player 1223,28,Unknown,Goalkeeper,62
1224,Player 1224,25,Unknown,Defender,62
1225,Player 1225,31,Unknown,Forward,62
1226,Player 1226,35,Unknown,Defender,62
1227,Player 1227,33,Unknown,Forward,62
1228,Player 1228,34,Unknown,Goalkeeper,62
1229,Player 1229,32,Unknown,Goalkeeper,62
1230,Player 1230,28,Unknown,Defender,62
1231,Player 1231,34,Unknown,Midfielder,62
1232,Player 1232,24,Unknown,Defender,62
1233,Player 1233,20,Unknown,Midfielder,62
1234,Player 1234,29,Unknown,Defender,62
1235,Player 1235,21,Unknown,Forward,62
1236,Player 1236,23,Unknown,Forward,62
1237,Player 1237,32,Unknown,Midfielder,62
1238,Player 1238,22,Unknown,Goalkeeper,62
1239,Player 1239,28,Unknown,Forward,62
1240,Player 1240,23,Unknown,Forward,62
1241,Player 1241,19,Unknown,Forward,63
1242,Player 1242,21,Unknown,Forward,63
1243,Player 1243,31,Unknown,Goalkeeper,63
1244,Player 1244,20,Unknown,Defender,63
1245,Player 1245,20,Unknown,Defender,63
1246,Player 1246,25,Unknown,Goalkeeper,63
1247,Player 1247,18,Unknown,Forward,63
1248,Player 1248,29,Unknown,Defender,63
1249,Player 1249,27,Unknown,Defender,63
1250,Player 1250,30,Unknown,Goalkeeper,63
1251,Player 1251,27,Unknown,Goalkeeper,63
1252,Player 1252,32,Unknown,Goalkeeper,63
1253,Player 1253,25,Unknown,Midfielder,63
1254,Player 1254,20,Unknown,Midfielder,63
1255,Player 1255,22,Unknown,Defender,63
1256,Player 1256,34,Unknown,Goalkeeper,63
1257,Player 1257,33,Unknown,Forward,63
1258,Player 1258,20,Unknown,Goalkeeper,63
1259,Player 1259,21,Unknown,Midfielder,63
1260,Player 1260,33,Unknown,Goalkeeper,63
1261,Player 1261,27,Unknown,Defender,64
1262,Player 1262,35,Unknown,Defender,64
1263,Player 1263,23,Unknown,Defender,64
1264,Player 1264,24,Unknown,Forward,64
1265,Player 1265,28,Unknown,Goalkeeper,64
1266,Player 1266,25,Unknown,Goalkeeper,64
1267,Player 1267,31,Unknown,Defender,64
1268,Player 1268,35,Unknown,Defender,64
1269,Player 1269,20,Unknown,Goalkeeper,64
1270,Player 1270,26,Unknown,Midfielder,64
1271,Player 1271,19,Unknown,Defender,64
1272,Player 1272,27,Unknown,Midfielder,64
1273,Player 1273,20,Unknown,Forward,64
1274,Player 1274,27,Unknown,Goalkeeper,64
1275,Player 1275,27,Unknown,Goalkeeper,64
1276,Player 1276,18,Unknown,Defender,64
1277,Player 1277,33,Unknown,Forward,64
1278,Player 1278,20,Unknown,Midfielder,64
1279,Player 1279,27,Unknown,Goalkeeper,64
1280,Player 1280,20,Unknown,Defender,64
1281,Player 1281,31,Unknown,Forward,65
1282,Player 1282,35,Unknown,Midfielder,65
1283,Player 1283,32,Unknown,Defender,65
1284,Player 1284,23,Unknown,Defender,65
1285,Player 1285,32,Unknown,Goalkeeper,65
1286,Player 1286,31,Unknown,Forward,65
1287,Player 1287,19,Unknown,Defender,65
1288,Player 1288,18,Unknown,Midfielder,65
1289,Player 1289,34,Unknown,Defender,65
1290,Player 1290,21,Unknown,Goalkeeper,65
1291,Player 1291,31,Unknown,Forward,65
1292,Player 1292,30,Unknown,Goalkeeper,65
1293,Player 1293,21,Unknown,Midfielder,65
1294,Player 1294,21,Unknown,Midfielder,65
1295,Player 1295,30,Unknown,Goalkeeper,65
1296,Player 1296,22,Unknown,Forward,65
1297,Player 1297,35,Unknown,Forward,65
1298,Player 1298,29,Unknown,Forward,65
1299,Player 1299,23,Unknown,Goalkeeper,65
1300,Player 1300,26,Unknown,Forward,65
1301,Player 1301,20,Unknown,Defender,66
1302,Player 1302,32,Unknown,Goalkeeper,66
1303,Player 1303,32,Unknown,Midfielder,66
1304,Player 1304,27,Unknown,Midfielder,66
1305,Player 1305,25,Unknown,Forward,66
1306,Player 1306,24,Unknown,Defender,66
1307,Player 1307,33,Unknown,Forward,66
1308,Player 1308,26,Unknown,Midfielder,66
1309,Player 1309,18,Unknown,Forward,66
1310,Player 1310,18,Unknown,Goalkeeper,66
1311,Player 1311,23,Unknown,Forward,66
1312,Player 1312,18,Unknown,Midfielder,66
1313,Player 1313,22,Unknown,Forward,66
1314,Player 1314,19,Unknown,Defender,66
1315,Player 1315,27,Unknown,Forward,66
1316,Player 1316,21,Unknown,Forward,66
1317,Player 1317,29,Unknown,Forward,66
1318,Player 1318,22,Unknown,Goalkeeper,66
1319,Player 1319,31,Unknown,Defender,66
1320,Player 1320,28,Unknown,Defender,66
1321,Player 1321,32,Unknown,Goalkeeper,67
1322,Player 1322,33,Unknown,Defender,67
1323,Player 1323,22,Unknown,Midfielder,67
1324,Player 1324,28,Unknown,Defender,67
1325,Player 1325,23,Unknown,Goalkeeper,67
1326,Player 1326,30,Unknown,Defender,67
1327,Player 1327,28,Unknown,Midfielder,67
1328,Player 1328,18,Unknown,Goalkeeper,67
1329,Player 1329,35,Unknown,Defender,67
1330,Player 1330,31,Unknown,Midfielder,67
1331,Player 1331,31,Unknown,Forward,67
1332,Player 1332,22,Unknown,Forward,67
1333,Player 1333,29,Unknown,Forward,67
1334,Player 1334,32,Unknown,Defender,67
1335,Player 1335,22,Unknown,Goalkeeper,67
1336,Player 1336,32,Unknown,Goalkeeper,67
1337,Player 1337,28,Unknown,Forward,67
1338,Player 1338,34,Unknown,Defender,67
1339,Player 1339,34,Unknown,Goalkeeper,67
1340,Player 1340,23,Unknown,Midfielder,67
1341,Player 1341,28,Unknown,Goalkeeper,68
1342,Player 1342,18,Unknown,Defender,68
1343,Player 1343,35,Unknown,Defender,68
1344,Player 1344,21,Unknown,Forward,68
1345,Player 1345,27,Unknown,Goalkeeper,68
1346,Player 1346,20,Unknown,Goalkeeper,68
1347,Player 1347,22,Unknown,Midfielder,68
1348,Player 1348,34,Unknown,Goalkeeper,68
1349,Player 1349,20,Unknown,Defender,68
1350,Player 1350,25,Unknown,Forward,68
1351,Player 1351,35,Unknown,Goalkeeper,68
1352,Player 1352,21,Unknown,Defender,68
1353,Player 1353,30,Unknown,Defender,68
1354,Player 1354,33,Unknown,Defender,68
1355,Player 1355,29,Unknown,Forward,68
1356,Player 1356,32,Unknown,Forward,68
1357,Player 1357,33,Unknown,Goalkeeper,68
1358,Player 1358,21,Unknown,Goalkeeper,68
1359,Player 1359,25,Unknown,Defender,68
1360,Player 1360,29,Unknown,Midfielder,68
1361,Player 1361,21,Unknown,Midfielder,69
1362,Player 1362,21,Unknown,Forward,69
1363,Player 1363,31,Unknown,Midfielder,69
1364,Player 1364,19,Unknown,Defender,69
1365,Player 1365,29,Unknown,Goalkeeper,69
1366,Player 1366,21,Unknown,Midfielder,69
1367,Player 1367,32,Unknown,Goalkeeper,69
1368,Player 1368,26,Unknown,Midfielder,69
1369,Player 1369,22,Unknown,Goalkeeper,69
1370,Player 1370,35,Unknown,Defender,69
1371,Player 1371,33,Unknown,Goalkeeper,69
1372,Player 1372,19,Unknown,Defender,69
1373,Player 1373,24,Unknown,Forward,69
1374,Player 1374,25,Unknown,Forward,69
1375,Player 1375,31,Unknown,Goalkeeper,69
1376,Player 1376,29,Unknown,Midfielder,69
1377,Player 1377,26,Unknown,Defender,69
1378,Player 1378,23,Unknown,Forward,69
1379,Player 1379,21,Unknown,Forward,69
1380,Player 1380,19,Unknown,Forward,69
1381,Player 1381,35,Unknown,Midfielder,70
1382,Player 1382,31,Unknown,Forward,70
1383,Player 1383,26,Unknown,Forward,70
1384,Player 1384,23,Unknown,Midfielder,70
1385,Player 1385,34,Unknown,Defender,70
1386,Player 1386,18,Unknown,Forward,70
1387,Player 1387,19,Unknown,Midfielder,70
1388,Player 1388,22,Unknown,Forward,70
1389,Player 1389,25,Unknown,Midfielder,70
1390,Player 1390,18,Unknown,Goalkeeper,70
1391,Player 1391,20,Unknown,Goalkeeper,70
1392,Player 1392,20,Unknown,Goalkeeper,70
1393,Player 1393,35,Unknown,Defender,70
1394,Player 1394,24,Unknown,Defender,70
1395,Player 1395,28,Unknown,Midfielder,70
1396,Player 1396,34,Unknown,Forward,70
1397,Player 1397,20,Unknown,Forward,70
1398,Player 1398,25,Unknown,Forward,70
1399,Player 1399,34,Unknown,Defender,70
1400,Player 1400,34,Unknown,Goalkeeper,70
1401,Player 1401,23,Unknown,Forward,71
1402,Player 1402,34,Unknown,Midfielder,71
1403,Player 1403,27,Unknown,Forward,71
1404,Player 1404,30,Unknown,Goalkeeper,71
1405,Player 1405,32,Unknown,Forward,71
1406,Player 1406,18,Unknown,Midfielder,71
1407,Player 1407,23,Unknown,Defender,71
1408,Player 1408,28,Unknown,Defender,71
1409,Player 1409,32,Unknown,Forward,71
1410,Player 1410,24,Unknown,Defender,71
1411,Player 1411,25,Unknown,Forward,71
1412,Player 1412,18,Unknown,Goalkeeper,71
1413,Player 1413,29,Unknown,Midfielder,71
1414,Player 1414,33,Unknown,Midfielder,71
1415,Player 1415,35,Unknown,Midfielder,71
1416,Player 1416,22,Unknown,Defender,71
1417,Player 1417,24,Unknown,Midfielder,71
1418,Player 1418,22,Unknown,Goalkeeper,71
1419,Player 1419,20,Unknown,Defender,71
1420,Player 1420,34,Unknown,Midfielder,71
1421,Player 1421,27,Unknown,Defender,72
1422,Player 1422,22,Unknown,Goalkeeper,72
1423,Player 1423,32,Unknown,Midfielder,72
1424,Player 1424,26,Unknown,Goalkeeper,72
1425,Player 1425,27,Unknown,Goalkeeper,72
1426,Player 1426,29,Unknown,Defender,72
1427,Player 1427,18,Unknown,Midfielder,72
1428,Player 1428,24,Unknown,Defender,72
1429,Player 1429,23,Unknown,Midfielder,72
1430,Player 1430,33,Unknown,Midfielder,72
1431,Player 1431,31,Unknown,Defender,72
1432,Player 1432,35,Unknown,Forward,72
1433,Player 1433,27,Unknown,Forward,72
1434,Player 1434,34,Unknown,Forward,72
1435,Player 1435,21,Unknown,Forward,72
1436,Player 1436,19,Unknown,Midfielder,72
1437,Player 1437,21,Unknown,Goalkeeper,72
1438,Player 1438,32,Unknown,Midfielder,72
1439,Player 1439,25,Unknown,Midfielder,72
1440,Player 1440,22,Unknown,Forward,72
1441,Player 1441,28,Unknown,Defender,73
1442,Player 1442,21,Unknown,Defender,73
1443,Player 1443,25,Unknown,Goalkeeper,73
1444,Player 1444,20,Unknown,Midfielder,73
1445,Player 1445,35,Unknown,Forward,73
1446,Player 1446,19,Unknown,Goalkeeper,73
1447,Player 1447,31,Unknown,Midfielder,73
1448,Player 1448,21,Unknown,Midfielder,73
1449,Player 1449,23,Unknown,Goalkeeper,73
1450,Player 1450,30,Unknown,Forward,73
1451,Player 1451,24,Unknown,Forward,73
1452,Player 1452,27,Unknown,Midfielder,73
1453,Player 1453,30,Unknown,Midfielder,73
1454,Player 1454,35,Unknown,Midfielder,73
1455,Player 1455,22,Unknown,Defender,73
1456,Player 1456,19,Unknown,Forward,73
1457,Player 1457,30,Unknown,Defender,73
1458,Player 1458,19,Unknown,Defender,73
1459,Player 1459,25,Unknown,Defender,73
1460,Player 1460,24,Unknown,Forward,73
1461,Player 1461,28,Unknown,Midfielder,74
1462,Player 1462,21,Unknown,Defender,74
1463,Player 1463,31,Unknown,Goalkeeper,74
1464,Player 1464,18,Unknown,Midfielder,74
1465,Player 1465,26,Unknown,Defender,74
1466,Player 1466,29,Unknown,Midfielder,74
1467,Player 1467,19,Unknown,Defender,74
1468,Player 1468,24,Unknown,Defender,74
1469,Player 1469,27,Unknown,Midfielder,74
1470,Player 1470,30,Unknown,Defender,74
1471,Player 1471,21,Unknown,Forward,74
1472,Player 1472,19,Unknown,Forward,74
1473,Player 1473,31,Unknown,Goalkeeper,74
1474,Player 1474,26,Unknown,Defender,74
1475,Player 1475,18,Unknown,Forward,74
1476,Player 1476,20,Unknown,Forward,74
1477,Player 1477,19,Unknown,Goalkeeper,74
1478,Player 1478,21,Unknown,Midfielder,74
1479,Player 1479,25,Unknown,Midfielder,74
1480,Player 1480,35,Unknown,Defender,74
1481,Player 1481,35,Unknown,Goalkeeper,75
1482,Player 1482,33,Unknown,Defender,75
1483,Player 1483,20,Unknown,Goalkeeper,75
1484,Player 1484,22,Unknown,Forward,75
1485,Player 1485,18,Unknown,Goalkeeper,75
1486,Player 1486,32,Unknown,Forward,75
1487,Player 1487,20,Unknown,Forward,75
1488,Player 1488,19,Unknown,Forward,75
1489,Player 1489,35,Unknown,Goalkeeper,75
1490,Player 1490,24,Unknown,Defender,75
1491,Player 1491,23,Unknown,Midfielder,75
1492,Player 1492,35,Unknown,Midfielder,75
1493,Player 1493,25,Unknown,Defender,75
1494,Player 1494,20,Unknown,Defender,75
1495,Player 1495,24,Unknown,Defender,75
1496,Player 1496,35,Unknown,Forward,75
1497,Player 1497,31,Unknown,Goalkeeper,75
1498,Player 1498,32,Unknown,Forward,75
1499,Player 1499,27,Unknown,Goalkeeper,75
1500,Player 1500,28,Unknown,Defender,75
1501,Player 1501,25,Unknown,Midfielder,76
1502,Player 1502,27,Unknown,Goalkeeper,76
1503,Player 1503,32,Unknown,Forward,76
1504,Player 1504,35,Unknown,Defender,76
1505,Player 1505,28,Unknown,Goalkeeper,76
1506,Player 1506,33,Unknown,Goalkeeper,76
1507,Player 1507,22,Unknown,Midfielder,76
1508,Player 1508,30,Unknown,Midfielder,76
1509,Player 1509,21,Unknown,Midfielder,76
1510,Player 1510,21,Unknown,Midfielder,76
1511,Player 1511,22,Unknown,Goalkeeper,76
1512,Player 1512,31,Unknown,Forward,76
1513,Player 1513,29,Unknown,Defender,76
1514,Player 1514,35,Unknown,Goalkeeper,76
1515,Player 1515,27,Unknown,Forward,76
1516,Player 1516,30,Unknown,Midfielder,76
1517,Player 1517,21,Unknown,Forward,76
1518,Player 1518,27,Unknown,Midfielder,76
1519,Player 1519,31,Unknown,Midfielder,76
1520,Player 1520,29,Unknown,Midfielder,76
1521,Player 1521,20,Unknown,Goalkeeper,77
1522,Player 1522,23,Unknown,Goalkeeper,77
1523,Player 1523,23,Unknown,Goalkeeper,77
1524,Player 1524,30,Unknown,Goalkeeper,77
1525,Player 1525,18,Unknown,Forward,77
1526,Player 1526,20,Unknown,Goalkeeper,77
1527,Player 1527,20,Unknown,Midfielder,77
1528,Player 1528,19,Unknown,Defender,77
1529,Player 1529,29,Unknown,Defender,77
1530,Player 1530,29,Unknown,Goalkeeper,77
1531,Player 1531,25,Unknown,Forward,77
1532,Player 1532,22,Unknown,Forward,77
1533,Player 1533,27,Unknown,Defender,77
1534,Player 1534,32,Unknown,Defender,77
1535,Player 1535,20,Unknown,Forward,77
1536,Player 1536,27,Unknown,Forward,77
1537,Player 1537,31,Unknown,Forward,77
1538,Player 1538,32,Unknown,Midfielder,77
1539,Player 1539,27,Unknown,Goalkeeper,77
1540,Player 1540,22,Unknown,Defender,77
1541,Player 1541,30,Unknown,Midfielder,78
1542,Player 1542,24,Unknown,Goalkeeper,78
1543,Player 1543,29,Unknown,Forward,78
1544,Player 1544,28,Unknown,Forward,78
1545,Player 1545,20,Unknown,Forward,78
1546,Player 1546,19,Unknown,Forward,78
1547,Player 1547,26,Unknown,Defender,78
1548,Player 1548,33,Unknown,Forward,78
1549,Player 1549,26,Unknown,Forward,78
1550,Player 1550,23,Unknown,Defender,78
1551,Player 1551,33,Unknown,Midfielder,78
1552,Player 1552,28,Unknown,Goalkeeper,78
1553,Player 1553,20,Unknown,Midfielder,78
1554,Player 1554,33,Unknown,Defender,78
1555,Player 1555,22,Unknown,Goalkeeper,78
1556,Player 1556,26,Unknown,Forward,78
1557,Player 1557,27,Unknown,Defender,78
1558,Player 1558,18,Unknown,Midfielder,78
1559,Player 1559,32,Unknown,Midfielder,78
1560,Player 1560,27,Unknown,Goalkeeper,78
1561,Player 1561,33,Unknown,Defender,79
1562,Player 1562,26,Unknown,Defender,79
1563,Player 1563,33,Unknown,Forward,79
1564,Player 1564,32,Unknown,Forward,79
1565,Player 1565,19,Unknown,Forward,79
1566,Player 1566,29,Unknown,Defender,79
1567,Player 1567,20,Unknown,Defender,79
1568,Player 1568,25,Unknown,Goalkeeper,79
1569,Player 1569,27,Unknown,Defender,79
1570,Player 1570,24,Unknown,Midfielder,79
1571,Player 1571,30,Unknown,Defender,79
1572,Player 1572,33,Unknown,Midfielder,79
1573,Player 1573,18,Unknown,Forward,79
1574,Player 1574,32,Unknown,Goalkeeper,79
1575,Player 1575,20,Unknown,Midfielder,79
1576,Player 1576,27,Unknown,Forward,79
1577,Player 1577,35,Unknown,Midfielder,79
1578,Player 1578,18,Unknown,Forward,79
1579,Player 1579,33,Unknown,Forward,79
1580,Player 1580,26,Unknown,Forward,79
1581,Player 1581,21,Unknown,Midfielder,80
1582,Player 1582,22,Unknown,Forward,80
1583,Player 1583,18,Unknown,Midfielder,80
1584,Player 1584,30,Unknown,Forward,80
1585,Player 1585,32,Unknown,Defender,80
1586,Player 1586,26,Unknown,Goalkeeper,80
1587,Player 1587,21,Unknown,Defender,80
1588,Player 1588,25,Unknown,Goalkeeper,80
1589,Player 1589,19,Unknown,Midfielder,80
1590,Player 1590,32,Unknown,Midfielder,80
1591,Player 1591,29,Unknown,Forward,80
1592,Player 1592,35,Unknown,Goalkeeper,80
1593,Player 1593,25,Unknown,Midfielder,80
1594,Player 1594,18,Unknown,Defender,80
1595,Player 1595,20,Unknown,Forward,80
1596,Player 1596,30,Unknown,Defender,80
1597,Player 1597,22,Unknown,Forward,80
1598,Player 1598,18,Unknown,Defender,80
1599,Player 1599,24,Unknown,Goalkeeper,80
1600,Player 1600,28,Unknown,Goalkeeper,80
1601,Player 1601,21,Unknown,Goalkeeper,81
1602,Player 1602,23,Unknown,Forward,81
1603,Player 1603,21,Unknown,Goalkeeper,81
1604,Player 1604,33,Unknown,Defender,81
1605,Player 1605,19,Unknown,Defender,81
1606,Player 1606,26,Unknown,Goalkeeper,81
1607,Player 1607,28,Unknown,Midfielder,81
1608,Player 1608,18,Unknown,Goalkeeper,81
1609,Player 1609,18,Unknown,Goalkeeper,81
1610,Player 1610,20,Unknown,Goalkeeper,81
1611,Player 1611,35,Unknown,Forward,81
1612,Player 1612,35,Unknown,Goalkeeper,81
1613,Player 1613,22,Unknown,Forward,81
1614,Player 1614,19,Unknown,Goalkeeper,81
1615,Player 1615,34,Unknown,Forward,81
1616,Player 1616,22,Unknown,Forward,81
1617,Player 1617,25,Unknown,Goalkeeper,81
1618,Player 1618,33,Unknown,Midfielder,81
1619,Player 1619,21,Unknown,Midfielder,81
1620,Player 1620,33,Unknown,Forward,81
1621,Player 1621,28,Unknown,Midfielder,82
1622,Player 1622,28,Unknown,Midfielder,82
1623,Player 1623,22,Unknown,Midfielder,82
1624,Player 1624,28,Unknown,Midfielder,82
1625,Player 1625,24,Unknown,Midfielder,82
1626,Player 1626,20,Unknown,Defender,82
1627,Player 1627,28,Unknown,Forward,82
1628,Player 1628,20,Unknown,Midfielder,82
1629,Player 1629,31,Unknown,Defender,82
1630,Player 1630,18,Unknown,Midfielder,82
1631,Player 1631,27,Unknown,Forward,82
1632,Player 1632,28,Unknown,Goalkeeper,82
1633,Player 1633,19,Unknown,Midfielder,82
1634,Player 1634,22,Unknown,Goalkeeper,82
1635,Player 1635,34,Unknown,Forward,82
1636,Player 1636,30,Unknown,Forward,82
1637,Player 1637,29,Unknown,Defender,82
1638,Player 1638,19,Unknown,Forward,82
1639,Player 1639,28,Unknown,Goalkeeper,82
1640,Player 1640,21,Unknown,Midfielder,82
1641,Player 1641,18,Unknown,Defender,83
1642,Player 1642,22,Unknown,Goalkeeper,83
1643,Player 1643,31,Unknown,Midfielder,83
1644,Player 1644,23,Unknown,Goalkeeper,83
1645,Player 1645,20,Unknown,Midfielder,83
1646,Player 1646,30,Unknown,Defender,83
1647,Player 1647,32,Unknown,Forward,83
1648,Player 1648,24,Unknown,Goalkeeper,83
1649,Player 1649,26,Unknown,Forward,83
1650,Player 1650,21,Unknown,Defender,83
1651,Player 1651,24,Unknown,Forward,83
1652,Player 1652,34,Unknown,Goalkeeper,83
1653,Player 1653,23,Unknown,Forward,83
1654,Player 1654,35,Unknown,Forward,83
1655,Player 1655,21,Unknown,Forward,83
1656,Player 1656,26,Unknown,Defender,83
1657,Player 1657,27,Unknown,Goalkeeper,83
1658,Player 1658,32,Unknown,Forward,83
1659,Player 1659,33,Unknown,Goalkeeper,83
1660,Player 1660,30,Unknown,Goalkeeper,83
1661,Player 1661,28,Unknown,Forward,84
1662,Player 1662,28,Unknown,Goalkeeper,84
1663,Player 1663,34,Unknown,Forward,84
1664,Player 1664,29,Unknown,Defender,84
1665,Player 1665,20,Unknown,Defender,84
1666,Player 1666,18,Unknown,Goalkeeper,84
1667,Player 1667,18,Unknown,Defender,84
1668,Player 1668,27,Unknown,Forward,84
1669,Player 1669,21,Unknown,Defender,84
1670,Player 1670,27,Unknown,Goalkeeper,84
1671,Player 1671,22,Unknown,Goalkeeper,84
1672,Player 1672,31,Unknown,Goalkeeper,84
1673,Player 1673,27,Unknown,Midfielder,84
1674,Player 1674,25,Unknown,Defender,84
1675,Player 1675,30,Unknown,Forward,84
1676,Player 1676,20,Unknown,Defender,84
1677,Player 1677,35,Unknown,Forward,84
1678,Player 1678,28,Unknown,Defender,84
1679,Player 1679,29,Unknown,Goalkeeper,84
1680,Player 1680,34,Unknown,Goalkeeper,84
1681,Player 1681,33,Unknown,Defender,85
1682,Player 1682,20,Unknown,Defender,85
1683,Player 1683,35,Unknown,Midfielder,85
1684,Player 1684,33,Unknown,Defender,85
1685,Player 1685,24,Unknown,Goalkeeper,85
1686,Player 1686,35,Unknown,Goalkeeper,85
1687,Player 1687,26,Unknown,Midfielder,85
1688,Player 1688,24,Unknown,Goalkeeper,85
1689,Player 1689,34,Unknown,Goalkeeper,85
1690,Player 1690,21,Unknown,Midfielder,85
1691,Player 1691,20,Unknown,Goalkeeper,85
1692,Player 1692,29,Unknown,Defender,85
1693,Player 1693,21,Unknown,Goalkeeper,85
1694,Player 1694,32,Unknown,Midfielder,85
1695,Player 1695,20,Unknown,Goalkeeper,85
1696,Player 1696,33,Unknown,Defender,85
1697,Player 1697,31,Unknown,Forward,85
1698,Player 1698,24,Unknown,Defender,85
1699,Player 1699,31,Unknown,Forward,85
1700,Player 1700,24,Unknown,Forward,85
1701,Player 1701,29,Unknown,Forward,86
1702,Player 1702,19,Unknown,Midfielder,86
1703,Player 1703,20,Unknown,Forward,86
1704,Player 1704,30,Unknown,Goalkeeper,86
1705,Player 1705,22,Unknown,Midfielder,86
1706,Player 1706,21,Unknown,Goalkeeper,86
1707,Player 1707,26,Unknown,Forward,86
1708,Player 1708,20,Unknown,Midfielder,86
1709,Player 1709,32,Unknown,Forward,86
1710,Player 1710,29,Unknown,Forward,86
1711,Player 1711,30,Unknown,Midfielder,86
1712,Player 1712,35,Unknown,Defender,86
1713,Player 1713,30,Unknown,Forward,86
1714,Player 1714,24,Unknown,Goalkeeper,86
1715,Player 1715,21,Unknown,Defender,86
1716,Player 1716,26,Unknown,Forward,86
1717,Player 1717,21,Unknown,Midfielder,86
1718,Player 1718,30,Unknown,Defender,86
1719,Player 1719,32,Unknown,Forward,86
1720,Player 1720,30,Unknown,Defender,86
1721,Player 1721,27,Unknown,Defender,87
1722,Player 1722,26,Unknown,Midfielder,87
1723,Player 1723,23,Unknown,Midfielder,87
1724,Player 1724,18,Unknown,Goalkeeper,87
1725,Player 1725,23,Unknown,Defender,87
1726,Player 1726,32,Unknown,Defender,87
1727,Player 1727,34,Unknown,Goalkeeper,87
1728,Player 1728,34,Unknown,Goalkeeper,87
1729,Player 1729,28,Unknown,Forward,87
1730,Player 1730,27,Unknown,Goalkeeper,87
1731,Player 1731,24,Unknown,Defender,87
1732,Player 1732,29,Unknown,Forward,87
1733,Player 1733,24,Unknown,Defender,87
1734,Player 1734,29,Unknown,Midfielder,87
1735,Player 1735,28,Unknown,Midfielder,87
1736,Player 1736,23,Unknown,Defender,87
1737,Player 1737,28,Unknown,Midfielder,87
1738,Player 1738,26,Unknown,Defender,87
1739,Player 1739,32,Unknown,Defender,87
1740,Player 1740,32,Unknown,Defender,87
1741,Player 1741,22,Unknown,Forward,88
1742,Player 1742,24,Unknown,Midfielder,88
1743,Player 1743,23,Unknown,Defender,88
1744,Player 1744,33,Unknown,Goalkeeper,88
1745,Player 1745,24,Unknown,Defender,88
1746,Player 1746,20,Unknown,Goalkeeper,88
1747,Player 1747,21,Unknown,Midfielder,88
1748,Player 1748,32,Unknown,Midfielder,88
1749,Player 1749,28,Unknown,Midfielder,88
1750,Player 1750,35,Unknown,Defender,88
1751,Player 1751,27,Unknown,Forward,88
1752,Player 1752,23,Unknown,Midfielder,88
1753,Player 1753,35,Unknown,Midfielder,88
1754,Player 1754,21,Unknown,Forward,88
1755,Player 1755,31,Unknown,Defender,88
1756,Player 1756,19,Unknown,Defender,88
1757,Player 1757,26,Unknown,Goalkeeper,88
1758,Player 1758,27,Unknown,Forward,88
1759,Player 1759,31,Unknown,Goalkeeper,88
1760,Player 1760,25,Unknown,Forward,88
1761,Player 1761,20,Unknown,Goalkeeper,89
1762,Player 1762,27,Unknown,Midfielder,89
1763,Player 1763,20,Unknown,Midfielder,89
1764,Player 1764,24,Unknown,Goalkeeper,89
1765,Player 1765,35,Unknown,Midfielder,89
1766,Player 1766,24,Unknown,Defender,89
1767,Player 1767,30,Unknown,Midfielder,89
1768,Player 1768,25,Unknown,Midfielder,89
1769,Player 1769,30,Unknown,Defender,89
1770,Player 1770,24,Unknown,Midfielder,89
1771,Player 1771,26,Unknown,Midfielder,89
1772,Player 1772,18,Unknown,Defender,89
1773,Player 1773,32,Unknown,Defender,89
1774,Player 1774,24,Unknown,Defender,89
1775,Player 1775,32,Unknown,Midfielder,89
1776,Player 1776,31,Unknown,Forward,89
1777,Player 1777,20,Unknown,Forward,89
1778,Player 1778,28,Unknown,Defender,89
1779,Player 1779,19,Unknown,Goalkeeper,89
1780,Player 1780,25,Unknown,Midfielder,89
1781,Player 1781,21,Unknown,Midfielder,90
1782,Player 1782,32,Unknown,Forward,90
1783,Player 1783,32,Unknown,Defender,90
1784,Player 1784,32,Unknown,Defender,90
1785,Player 1785,20,Unknown,Goalkeeper,90
1786,Player 1786,21,Unknown,Midfielder,90
1787,Player 1787,29,Unknown,Forward,90
1788,Player 1788,21,Unknown,Defender,90
1789,Player 1789,18,Unknown,Midfielder,90
1790,Player 1790,22,Unknown,Defender,90
1791,Player 1791,32,Unknown,Forward,90
1792,Player 1792,25,Unknown,Goalkeeper,90
1793,Player 1793,19,Unknown,Forward,90
1794,Player 1794,29,Unknown,Defender,90
1795,Player 1795,31,Unknown,Forward,90
1796,Player 1796,29,Unknown,Defender,90
1797,Player 1797,23,Unknown,Defender,90
1798,Player 1798,27,Unknown,Defender,90
1799,Player 1799,32,Unknown,Forward,90
1800,Player 1800,32,Unknown,Goalkeeper,90
1801,Player 1801,23,Unknown,Goalkeeper,91
1802,Player 1802,22,Unknown,Midfielder,91
1803,Player 1803,30,Unknown,Goalkeeper,91
1804,Player 1804,31,Unknown,Goalkeeper,91
1805,Player 1805,31,Unknown,Defender,91
1806,Player 1806,25,Unknown,Goalkeeper,91
1807,Player 1807,26,Unknown,Goalkeeper,91
1808,Player 1808,25,Unknown,Midfielder,91
1809,Player 1809,33,Unknown,Midfielder,91
1810,Player 1810,32,Unknown,Goalkeeper,91
1811,Player 1811,21,Unknown,Goalkeeper,91
1812,Player 1812,21,Unknown,Midfielder,91
1813,Player 1813,24,Unknown,Midfielder,91
1814,Player 1814,23,Unknown,Defender,91
1815,Player 1815,18,Unknown,Midfielder,91
1816,Player 1816,23,Unknown,Midfielder,91
1817,Player 1817,27,Unknown,Midfielder,91
1818,Player 1818,21,Unknown,Defender,91
1819,Player 1819,25,Unknown,Forward,91
1820,Player 1820,23,Unknown,Goalkeeper,91
1821,Player 1821,33,Unknown,Forward,92
1822,Player 1822,33,Unknown,Midfielder,92
1823,Player 1823,23,Unknown,Midfielder,92
1824,Player 1824,29,Unknown,Midfielder,92
1825,Player 1825,20,Unknown,Defender,92
1826,Player 1826,35,Unknown,Goalkeeper,92
1827,Player 1827,22,Unknown,Defender,92
1828,Player 1828,33,Unknown,Defender,92
1829,Player 1829,28,Unknown,Forward,92
1830,Player 1830,26,Unknown,Defender,92
1831,Player 1831,31,Unknown,Forward,92
1832,Player 1832,24,Unknown,Goalkeeper,92
1833,Player 1833,32,Unknown,Midfielder,92
1834,Player 1834,26,Unknown,Defender,92
1835,Player 1835,29,Unknown,Midfielder,92
1836,Player 1836,22,Unknown,Goalkeeper,92
1837,Player 1837,21,Unknown,Forward,92
1838,Player 1838,18,Unknown,Goalkeeper,92
1839,Player 1839,18,Unknown,Forward,92
1840,Player 1840,34,Unknown,Defender,92
1841,Player 1841,31,Unknown,Goalkeeper,93
1842,Player 1842,31,Unknown,Defender,93
1843,Player 1843,23,Unknown,Forward,93
1844,Player 1844,24,Unknown,Forward,93
1845,Player 1845,30,Unknown,Forward,93
1846,Player 1846,18,Unknown,Defender,93
1847,Player 1847,33,Unknown,Goalkeeper,93
1848,Player 1848,34,Unknown,Forward,93
1849,Player 1849,30,Unknown,Midfielder,93
1850,Player 1850,22,Unknown,Defender,93
1851,Player 1851,34,Unknown,Forward,93
1852,Player 1852,22,Unknown,Goalkeeper,93
1853,Player 1853,27,Unknown,Forward,93
1854,Player 1854,27,Unknown,Forward,93
1855,Player 1855,19,Unknown,Defender,93
1856,Player 1856,19,Unknown,Defender,93
1857,Player 1857,22,Unknown,Defender,93
1858,Player 1858,22,Unknown,Forward,93
1859,Player 1859,24,Unknown,Midfielder,93
1860,Player 1860,27,Unknown,Forward,93
1861,Player 1861,19,Unknown,Goalkeeper,94
1862,Player 1862,20,Unknown,Goalkeeper,94
1863,Player 1863,31,Unknown,Goalkeeper,94
1864,Player 1864,29,Unknown,Defender,94
1865,Player 1865,20,Unknown,Forward,94
1866,Player 1866,18,Unknown,Midfielder,94
1867,Player 1867,31,Unknown,Goalkeeper,94
1868,Player 1868,35,Unknown,Goalkeeper,94
1869,Player 1869,34,Unknown,Forward,94
1870,Player 1870,34,Unknown,Midfielder,94
1871,Player 1871,21,Unknown,Goalkeeper,94
1872,Player 1872,26,Unknown,Midfielder,94
1873,Player 1873,24,Unknown,Midfielder,94
1874,Player 1874,28,Unknown,Midfielder,94
1875,Player 1875,32,Unknown,Midfielder,94
1876,Player 1876,33,Unknown,Defender,94
1877,Player 1877,35,Unknown,Goalkeeper,94
1878,Player 1878,31,Unknown,Midfielder,94
1879,Player 1879,24,Unknown,Defender,94
1880,Player 1880,26,Unknown,Midfielder,94
1881,Player 1881,19,Unknown,Midfielder,95
1882,Player 1882,29,Unknown,Goalkeeper,95
1883,Player 1883,27,Unknown,Defender,95
1884,Player 1884,22,Unknown,Forward,95
1885,Player 1885,25,Unknown,Defender,95
1886,Player 1886,31,Unknown,Forward,95
1887,Player 1887,34,Unknown,Forward,95
1888,Player 1888,19,Unknown,Midfielder,95
1889,Player 1889,27,Unknown,Defender,95
1890,Player 1890,24,Unknown,Goalkeeper,95
1891,Player 1891,31,Unknown,Goalkeeper,95
1892,Player 1892,18,Unknown,Midfielder,95
1893,Player 1893,18,Unknown,Midfielder,95
1894,Player 1894,18,Unknown,Midfielder,95
1895,Player 1895,34,Unknown,Goalkeeper,95
1896,Player 1896,18,Unknown,Goalkeeper,95
1897,Player 1897,21,Unknown,Forward,95
1898,Player 1898,34,Unknown,Goalkeeper,95
1899,Player 1899,23,Unknown,Goalkeeper,95
1900,Player 1900,28,Unknown,Midfielder,95
